CODEVALUE,ID,BROADER,STATUS,PREFLABEL_FI,PREFLABEL_SV,PREFLABEL_EN,SHORTNAME,CONCEPTURI,STARTDATE,ENDDATE
en-UG,58ede88e-18b9-4f6b-bfc7-b85f4d085a98,,VALID,englanti (Uganda),engelska (Uganda),English (Uganda),,,,
fr-TD,86ebbbda-e88e-45e0-9e5c-4720a043d6f6,,VALID,ranska (Tšad),franska (Tchad),French (Chad),,,,
fr-HT,aad385c7-99c9-44e8-9b8f-074ab98dfe5a,,VALID,ranska (Haiti),franska (Haiti),French (Haiti),,,,
en-ZA,0fcae557-2552-4446-8ae2-2d747eb9c211,,VALID,englanti (Etelä-Afrikka),engelska (Sydafrika),English (South Africa),,,,
fr-MU,b34877a2-0538-4f7e-8a29-cdbcc2a254f1,,VALID,ranska (Mauritius),franska (Mauritius),French (Mauritius),,,,
ee,90a7a78b-076f-456f-8d93-2200d25fe7d8,,VALID,ewe,ewe,Ewe,,,,
en-MH,40c3e08e-5265-4b5b-8f99-a7c0fcf0e02e,,VALID,englanti (Marshallinsaaret),engelska (Marshallöarna),English (Marshall Islands),,,,
fr-FR,d53b0d67-7c24-4a8d-bb53-7555b1341310,,VALID,ranska (Ranska),franska (Frankrike),French (France),,,,
ff-CM,86617054-52f4-4c38-aed2-21ec09f3a86e,,VALID,fulani (Kamerun),fulani (Kamerun),Fulah (Cameroon),,,,
fr-MC,9dcd8049-3f9c-4e43-bad5-38e2d63aa0b5,,VALID,ranska (Monaco),franska (Monaco),French (Monaco),,,,
fr-GA,f45d51b6-cc32-4a18-a964-31c6a83d78b5,,VALID,ranska (Gabon),franska (Gabon),French (Gabon),,,,
en-CK,02e680f7-fa1e-46b8-80bd-003331c60c0b,,VALID,englanti (Cookinsaaret),engelska (Cooköarna),English (Cook Islands),,,,
fr-CG,3a444819-9d3e-4a15-bffc-30e48c943601,,VALID,ranska (Kongon tasavalta),franska (Kongo-Brazzaville),French (Congo - Brazzaville),,,,
fr-GF,be0e6301-daa6-4a90-b60b-68f753b10947,,VALID,ranska (Ranskan Guayana),franska (Franska Guyana),French (French Guiana),,,,
en-150,b216dc38-5249-49a4-86bb-f97b344b3992,,VALID,englanti (Eurooppa),engelska (Europa),English (Europe),,,,
ff-GN,a8ebab44-532c-4c1e-93ca-02c5051fbd66,,VALID,fulani (Guinea),fulani (Guinea),Fulah (Guinea),,,,
en-PN,9ac87efc-c7d0-45c6-9ebd-0ce38d0516ec,,VALID,englanti (Pitcairn),engelska (Pitcairnöarna),English (Pitcairn Islands),,,,
en-BZ,f72c03d4-5b40-4189-87ad-8dc35750394b,,VALID,englanti (Belize),engelska (Belize),English (Belize),,,,
en-MW,5cae8c46-f5aa-47b4-abfd-8c9d58543e01,,VALID,englanti (Malawi),engelska (Malawi),English (Malawi),,,,
fr-DZ,9c0dbab5-8dfb-4d51-9971-dd764c57baf7,,VALID,ranska (Algeria),franska (Algeriet),French (Algeria),,,,
fr-RE,af1d0d10-ebf4-47e2-b302-96ecd091dbc7,,VALID,ranska (Réunion),franska (Réunion),French (Réunion),,,,
es-PY,c36e84fb-9ae3-4144-9050-933200790838,,VALID,espanja (Paraguay),spanska (Paraguay),Spanish (Paraguay),,,,
es-DO,1eff1e79-9f5b-4733-8679-cb7e7d0ff63f,,VALID,espanja (Dominikaaninen tasavalta),spanska (Dominikanska republiken),Spanish (Dominican Republic),,,,
fy,667e8ffa-40d2-4845-b055-4890d46baf84,,VALID,länsifriisi,västfrisiska,Western Frisian,,,,
eu-ES,89b4b33a-50ee-437a-b65b-f44b7b3c0852,,VALID,baski (Espanja),baskiska (Spanien),Basque (Spain),,,,
dyo-SN,5f13562c-9354-4603-9224-72bed28b3185,,VALID,jola-fonyi (Senegal),jola-fonyi (Senegal),Jola-Fonyi (Senegal),,,,
dz,ec315060-0e8e-41a0-b6dc-e840695339e5,,VALID,dzongkha,bhutanesiska,Dzongkha,,,,
fur,665533cf-d257-4c58-9b63-3ebda84dc781,,VALID,friuli,friulianska,Friulian,,,,
en-FK,a6d20bd5-b1d1-4413-95d2-46a893b78954,,VALID,englanti (Falklandinsaaret),engelska (Falklandsöarna),English (Falkland Islands),,,,
en-LR,85dd6904-97d4-4eb2-a7c9-099663478360,,VALID,englanti (Liberia),engelska (Liberia),English (Liberia),,,,
fr-BL,86933d97-701e-41d5-b153-02ddd32577ba,,VALID,ranska (Saint-Barthélemy),franska (S:t Barthélemy),French (St. Barthélemy),,,,
en-CY,6527ecd9-6c4d-48d2-802f-e2a50c25ad1b,,VALID,englanti (Kypros),engelska (Cypern),English (Cyprus),,,,
en-DE,217a8539-f4af-4488-a284-ec9ef3d254ae,,VALID,englanti (Saksa),engelska (Tyskland),English (Germany),,,,
en-DG,f1210af6-81e3-4498-86d4-49d3d651a14e,,VALID,englanti (Diego Garcia),engelska (Diego Garcia),English (Diego Garcia),,,,
en-BB,b071a0e2-47d3-40ae-95b3-afaa75fa6399,,VALID,englanti (Barbados),engelska (Barbados),English (Barbados),,,,
fr-GQ,a9539eee-1f4d-4eaf-8c62-a6b0f3d037b5,,VALID,ranska (Päiväntasaajan Guinea),franska (Ekvatorialguinea),French (Equatorial Guinea),,,,
fr-SN,073afbd0-5fda-4951-97c2-a1a3798f4c41,,VALID,ranska (Senegal),franska (Senegal),French (Senegal),,,,
fr-BI,adb5bc78-048f-48ad-83b8-04058701558a,,VALID,ranska (Burundi),franska (Burundi),French (Burundi),,,,
en-DK,eee8015b-38b6-49f6-aeee-30de50b8d60e,,VALID,englanti (Tanska),engelska (Danmark),English (Denmark),,,,
af,ab53f52f-8154-4dfa-95b1-9052c1ab36f9,,VALID,afrikaans,afrikaans,Afrikaans,,,,
ar-IL,2795ce18-3a1e-45b1-ad7e-66eaca3ce2c3,,VALID,arabia (Israel),arabiska (Israel),Arabic (Israel),,,,
ar-LB,3da2edb3-b7be-482b-8062-cce7cbf68f63,,VALID,arabia (Libanon),arabiska (Libanon),Arabic (Lebanon),,,,
az-Latn,69f74a58-7f93-4b5d-b532-cf3678c40bad,,VALID,azeri (latinalainen),azerbajdzjanska (latinska),Azerbaijani (Latin),,,,
ar-SO,7c629017-6ab9-4398-b6b0-99e4ee776471,,VALID,arabia (Somalia),arabiska (Somalia),Arabic (Somalia),,,,
bg-BG,307f7f13-8700-45da-b163-8431bfcba0a2,,VALID,bulgaria (Bulgaria),bulgariska (Bulgarien),Bulgarian (Bulgaria),,,,
ar-LY,56220d49-ea46-4b00-ad65-842e2af696fa,,VALID,arabia (Libya),arabiska (Libyen),Arabic (Libya),,,,
af-NA,19f3c940-88ef-4d7b-b2e1-e3cd07c70088,,VALID,afrikaans (Namibia),afrikaans (Namibia),Afrikaans (Namibia),,,,
af-ZA,feb2d282-9c7e-43f4-a2d7-be6838e656a3,,VALID,afrikaans (Etelä-Afrikka),afrikaans (Sydafrika),Afrikaans (South Africa),,,,
ar-DJ,12af6413-90c0-4ea5-ae5a-6edbaa41084c,,VALID,arabia (Djibouti),arabiska (Djibouti),Arabic (Djibouti),,,,
ar-PS,96b6645d-e9db-4a4b-827b-e683fa8ef7bb,,VALID,arabia (Palestiinalaisalueet),arabiska (Palestinska territorierna),Arabic (Palestinian Territories),,,,
ak,eca7243c-5fbe-4efa-bcf9-b2c47ce14665,,VALID,akan,akan,Akan,,,,
br-FR,fb706635-2cc1-4b09-a33f-ea4c36985d7d,,VALID,bretoni (Ranska),bretonska (Frankrike),Breton (France),,,,
am,dfb2b43e-e5f6-41f6-be7c-c35c32cc1e14,,VALID,amhara,amhariska,Amharic,,,,
bs,6f802140-fb68-4661-86df-b39e499af732,,VALID,bosnia,bosniska,Bosnian,,,,
ar-001,69406f90-db1c-4aff-9b7b-c4987aea4277,,VALID,arabia (maailma),arabiska (världen),Arabic (World),,,,
brx-IN,b4e1a583-4383-49e8-b230-f88dc3c62a59,,VALID,bodo (Intia),bodo (Indien),Bodo (India),,,,
br,3deead25-36f4-4ba1-8c9d-041f256da9e3,,VALID,bretoni,bretonska,Breton,,,,
bg,a7601445-0668-4f66-a6d4-40e4ae71c08e,,VALID,bulgaria,bulgariska,Bulgarian,,,,
ar-AE,067ac99f-e3ec-4b1f-9f36-66b19be6c6de,,VALID,arabia (Arabiemiirikunnat),arabiska (Förenade Arabemiraten),Arabic (United Arab Emirates),,,,
cy,efeb1119-8894-4b16-90a9-d3083411c8d7,,VALID,kymri,walesiska,Welsh,,,,
cu-RU,97f3d49e-a6ff-4a75-9c75-776fde2d0f08,,VALID,kirkkoslaavi (Venäjä),kyrkslaviska (Ryssland),Church Slavic (Russia),,,,
ca-IT,d6ec6f8f-bcb7-4515-bd02-ac19e0cf7d04,,VALID,katalaani (Italia),katalanska (Italien),Catalan (Italy),,,,
cy-GB,9006f348-18d7-477c-b993-287e6f01181d,,VALID,kymri (Iso-Britannia),walesiska (Storbritannien),Welsh (United Kingdom),,,,
de-BE,e3ceb4ee-530b-4a01-98a1-ccd93c0163ec,,VALID,saksa (Belgia),tyska (Belgien),German (Belgium),,,,
dav-KE,babf7ca5-efdb-41c0-b4e9-c2e7785257fb,,VALID,taita (Kenia),taita (Kenya),Taita (Kenya),,,,
da,7bbaf7c6-2ada-4784-913c-41cbf23ac527,,VALID,tanska,danska,Danish,,,,
ce-RU,85cc8620-dde1-4395-9852-800fb813b060,,VALID,tšetšeeni (Venäjä),tjetjenska (Ryssland),Chechen (Russia),,,,
ca-AD,92bd0093-44b8-44c1-8292-25d1cefc2ce9,,VALID,katalaani (Andorra),katalanska (Andorra),Catalan (Andorra),,,,
da-DK,bc542ab8-8f59-4bf9-9b4c-521696769871,,VALID,tanska (Tanska),danska (Danmark),Danish (Denmark),,,,
dua,504c4995-257b-4728-a730-59de67d06710,,VALID,duala,duala,Duala,,,,
dsb-DE,c96c4072-c01c-46c6-9f0f-6b9df09b9bb6,,VALID,alasorbi (Saksa),lågsorbiska (Tyskland),Lower Sorbian (Germany),,,,
de-LI,80e739fc-b54c-4042-b5c1-46bf6ee3469d,,VALID,saksa (Liechtenstein),tyska (Liechtenstein),German (Liechtenstein),,,,
cs,9e3a62f1-d388-4700-8620-75cac8e80a7c,,VALID,tšekki,tjeckiska,Czech,,,,
de-AT,89f03df2-f659-4036-bb6c-4162b23e9956,,VALID,saksa (Itävalta),tyska (Österrike),German (Austria),,,,
ksf-CM,3b9c6b2f-690e-44ec-a019-095d54fef844,,VALID,bafia (Kamerun),bafia (Kamerun),Bafia (Cameroon),,,,
it,85f2021e-d3ba-4e32-9aab-e9d5f94900c9,,VALID,italia,italienska,Italian,,,,
kn,06029bbc-ae8e-4655-8208-795e4b6970ee,,VALID,kannada,kannada,Kannada,,,,
kl-GL,0b0f208e-92cc-4b1e-830d-976af0e389ef,,VALID,kalaallisut (Grönlanti),grönländska (Grönland),Kalaallisut (Greenland),,,,
is-IS,ecf92a1c-ac9a-411f-9b13-01e06a8d953c,,VALID,islanti (Islanti),isländska (Island),Icelandic (Iceland),,,,
lkt,db0bf13a-7483-4af6-8349-8b537c231703,,VALID,lakota,lakota,Lakota,,,,
ksb,5b0b19a2-b748-4eb9-ae56-a0520271d4e0,,VALID,shambala,kisambaa,Shambala,,,,
jmc-TZ,55a21ee9-4b12-406b-9098-30e6d81dbe50,,VALID,machame (Tansania),kimashami (Tanzania),Machame (Tanzania),,,,
kab,4d15d42e-ac71-4900-9a3c-847ecff6241d,,VALID,kabyyli,kabyliska,Kabyle,,,,
is,52abdc16-d931-48c2-b2f0-ffd51b2edd95,,VALID,islanti,isländska,Icelandic,,,,
jmc,d31e49fe-cdec-4472-a6d6-b2bbd323da48,,VALID,machame,kimashami,Machame,,,,
lag-TZ,87c62091-1204-4f71-9f99-f96df93caa62,,VALID,lango (Tansania),langi (Tanzania),Langi (Tanzania),,,,
kab-DZ,d14fa111-9ca3-4165-92ae-797b3c8e8254,,VALID,kabyyli (Algeria),kabyliska (Algeriet),Kabyle (Algeria),,,,
ln-AO,ffbd808d-a84e-4043-8ccc-434153c0ed34,,VALID,lingala (Angola),lingala (Angola),Lingala (Angola),,,,
ja-JP,8b32f139-652a-4b85-a4c8-e0718415d460,,VALID,japani (Japani),japanska (Japan),Japanese (Japan),,,,
kln-KE,671edb91-37c6-43f2-90d9-47488d17d665,,VALID,kalenjin (Kenia),kalenjin (Kenya),Kalenjin (Kenya),,,,
ja-JP-u-ca-japanese-x-lvariant-JP,0df5ee93-1f95-4359-a018-97dce74372bc,,VALID,"japani (Japani, JP, japanilainen kalenteri)","japanska (Japan, JP, japansk kalender)","Japanese (Japan, JP, Japanese Calendar)",,,,
ru-BY,4a7fef85-f990-4fd9-9afe-3c07d789b588,,VALID,venäjä (Valko-Venäjä),ryska (Vitryssland),Russian (Belarus),,,,
sv-FI,2509c925-a07a-4f87-aaec-0809a52077d1,,VALID,ruotsi (Suomi),svenska (Finland),Swedish (Finland),,,,
ses,b1e6a113-7a09-4eb0-9523-7d11df1b3967,,VALID,koyraboro senni,Gao-songhay,Koyraboro Senni,,,,
rw-RW,4f597b91-6ba5-4912-a834-5252100c9c02,,VALID,ruanda (Ruanda),kinjarwanda (Rwanda),Kinyarwanda (Rwanda),,,,
sw-UG,45e02f96-5ba6-4a80-a449-c4ca0c02872e,,VALID,swahili (Uganda),swahili (Uganda),Swahili (Uganda),,,,
sw-KE,e3d95474-4a5e-46bc-8913-6a060d05fba9,,VALID,swahili (Kenia),swahili (Kenya),Swahili (Kenya),,,,
ro-RO,b310cc00-358d-41c2-8095-306a59311d2b,,VALID,romania (Romania),rumänska (Rumänien),Romanian (Romania),,,,
saq,8fc1e419-3ae0-412e-93d1-3517fc427609,,VALID,samburu,samburu,Samburu,,,,
sn-ZW,5da4b9b4-5b34-451f-a266-220386c96f72,,VALID,šona (Zimbabwe),shona (Zimbabwe),Shona (Zimbabwe),,,,
sr-Latn,aa120d51-2b15-4765-b476-b87d2ffe334d,,VALID,serbia (latinalainen),serbiska (latinska),Serbian (Latin),,,,
smn,ee02b89f-0499-4ba5-b52a-670da288f2ef,,VALID,inarinsaame,enaresamiska,Inari Sami,,,,
sbp,271bf3bf-a8a0-4be7-8c67-e9723a1035c3,,VALID,sangu,sangu,Sangu,,,,
sr-Latn-RS,2c5f8683-d1d4-4271-aa84-65eb53e8b0b7,,VALID,"serbia (latinalainen, Serbia)","serbiska (latinska, Serbien)","Serbian (Latin, Serbia)",,,,
rm,0b3dff39-ac86-4930-ae80-f49e3e31bf11,,VALID,retoromaani,rätoromanska,Romansh,,,,
si-LK,38420c8f-eccb-4c75-afca-6f44b888d157,,VALID,sinhala (Sri Lanka),singalesiska (Sri Lanka),Sinhala (Sri Lanka),,,,
sg-CF,8fc95b25-f946-40be-a15e-3ada72726de5,,VALID,sango (Keski-Afrikan tasavalta),sango (Centralafrikanska republiken),Sango (Central African Republic),,,,
sn,90e91b93-5d53-48a6-9717-e1c10055eb04,,VALID,šona,shona,Shona,,,,
nyn-UG,1d27bdb3-0f0e-477f-9177-9f027e6d0d6c,,VALID,nyankole (Uganda),nyankole (Uganda),Nyankole (Uganda),,,,
mgo,c616125f-77f6-415e-99d3-68a97be161d0,,VALID,meta’,meta’,Metaʼ,,,,
mas,87e7a4c1-2277-4cb6-ad25-f3d6634d06aa,,VALID,maasai,massajiska,Masai,,,,
nl-AW,9f1c2882-00b5-49ed-b7a9-fe3f95d0a062,,VALID,hollanti (Aruba),nederländska (Aruba),Dutch (Aruba),,,,
lv,0eecba51-a0bb-478d-8ab3-15ac688dba8d,,VALID,latvia,lettiska,Latvian,,,,
ne-NP,65bf38c3-986c-48b3-abd2-7a0a9fc7e823,,VALID,nepali (Nepal),nepalesiska (Nepal),Nepali (Nepal),,,,
nd,4c7905a7-96eb-467b-9393-16a6f0f1b9d5,,VALID,pohjois-ndebele,nordndebele,North Ndebele,,,,
ml,d1c0bb56-8abf-4ca5-8ffa-f0d98867b4c4,,VALID,malajalam,malayalam,Malayalam,,,,
nb-NO,08767951-77b7-4773-8cbf-31f634f622b8,,VALID,norjan bokmål (Norja),norskt bokmål (Norge),Norwegian Bokmål (Norway),,,,
hr-BA,0ecad967-05aa-4d27-bd53-1d0b12ea74e4,,VALID,kroatia (Bosnia ja Hertsegovina),kroatiska (Bosnien och Hercegovina),Croatian (Bosnia & Herzegovina),,,,
he-IL,8c11018d-6aac-43e2-b826-15cc79b4fe7b,,VALID,heprea (Israel),hebreiska (Israel),Hebrew (Israel),,,,
ig,379d71d9-8767-4158-a3c1-4626aa694e7e,,VALID,igbo,igbo,Igbo,,,,
hi-IN,57daf19b-89bb-4db1-b374-5236bdb78765,,VALID,hindi (Intia),hindi (Indien),Hindi (India),,,,
uz-Latn,b0809638-b5b0-4a3b-a5f5-a82dec5bcff7,,VALID,uzbekki (latinalainen),uzbekiska (latinska),Uzbek (Latin),,,,
twq-NE,6e3af963-ee6d-45b8-8b84-30ef99857b5b,,VALID,tasawaq (Niger),tasawaq (Niger),Tasawaq (Niger),,,,
tzm-MA,b8098e74-b44b-4871-819f-eef2832f983c,,VALID,keskiatlaksentamazight (Marokko),centralmarockansk tamazight (Marocko),Central Atlas Tamazight (Morocco),,,,
tr,321bacf8-16cc-4885-9d2e-eec5d40cd3b1,,VALID,turkki,turkiska,Turkish,,,,
ti-ER,3b9e3735-53c2-4109-97c0-da1dc673faac,,VALID,tigrinja (Eritrea),tigrinja (Eritrea),Tigrinya (Eritrea),,,,
ta-IN,01919bed-16c0-4b68-945d-0d40b3049ff0,,VALID,tamili (Intia),tamil (Indien),Tamil (India),,,,
vi,3cfa99d0-93be-470b-95f1-f6a5aef962c1,,VALID,vietnam,vietnamesiska,Vietnamese,,,,
vo,c675e134-0ba0-4b2b-bf7f-5e066f30448f,,VALID,volapük,volapük,Volapük,,,,
ur,09c78603-a732-48bc-860e-49a15f3203f9,,VALID,urdu,urdu,Urdu,,,,
ta-SG,17846551-7f40-46c7-a47d-6a7b52a0a261,,VALID,tamili (Singapore),tamil (Singapore),Tamil (Singapore),,,,
vun,de9c65f3-fb48-4210-a811-5533a29c057e,,VALID,vunjo,vunjo,Vunjo,,,,
teo-KE,2cf5fc40-e4a3-47be-941e-96b6a38f5896,,VALID,teso (Kenia),teso (Kenya),Teso (Kenya),,,,
teo-UG,5c2001e4-82a4-43ff-a66f-8b3f428ec556,,VALID,teso (Uganda),teso (Uganda),Teso (Uganda),,,,
vai,810c7f9a-9ee9-4686-8f18-5a6e16f2c890,,VALID,vai,vaj,Vai,,,,
hu,f3a858d7-f9b8-4796-8be9-38dd1052f9ec,,VALID,unkari,ungerska,Hungarian,,,,
pt,19300f2a-82a2-4fb7-816a-8e8bea05ce28,,VALID,portugali,portugisiska,Portuguese,,,,
prg,a37aa23a-46d2-4803-99fe-25e89a53d02d,,VALID,muinaispreussi,fornpreussiska,Prussian,,,,
qu-EC,d80da770-e717-4485-bbb2-e97c346f7cc7,,VALID,ketšua (Ecuador),quechua (Ecuador),Quechua (Ecuador),,,,
pt-MO,4550a4e6-225d-4d34-b463-ef7a97ed3fe7,,VALID,portugali (Macao – Kiinan e.h.a.),"portugisiska (Macao, S.A.R. Kina)",Portuguese (Macau SAR China),,,,
pt-ST,a3a4e83e-3613-4145-b693-f63131289992,,VALID,portugali (São Tomé ja Príncipe),portugisiska (São Tomé och Príncipe),Portuguese (São Tomé & Príncipe),,,,
om,8d5feee3-ebe2-47a9-8bae-b6df538141b0,,VALID,oromo,oromo,Oromo,,,,
qu,8cdd85f8-34ca-43ba-b15f-11e1032882f0,,VALID,ketšua,quechua,Quechua,,,,
pl,21b2c5c2-b213-46fa-95ee-4fd041550410,,VALID,puola,polska,Polish,,,,
pa-PK,5c891e0e-de14-472b-88ae-920a462fcf83,,VALID,pandžabi (Pakistan),punjabi (Pakistan),Punjabi (Pakistan),,,,
yue,85c9fbca-cc6c-445b-99ee-31e0261ed5cb,,VALID,kantoninkiina,kantonesiska,Cantonese,,,,
yo,a2b50962-cb0b-4993-841f-dfa78211ca17,,VALID,joruba,yoruba,Yoruba,,,,
zh-CN,914f7a3b-ac0e-4d4b-bce5-42b0c9e27525,,VALID,kiina (Kiina),kinesiska (Kina),Chinese (China),,,,
xog,c590b085-0433-4243-9752-b432b5e34d7e,,VALID,soga,lusoga,Soga,,,,
zu-ZA,5e5c0618-ff14-4340-a7a6-178d89162428,,VALID,zulu (Etelä-Afrikka),zulu (Sydafrika),Zulu (South Africa),,,,
zh-SG,94a48230-36dc-4f3e-86b7-03009f3b300c,,VALID,kiina (Singapore),kinesiska (Singapore),Chinese (Singapore),,,,
az-Cyrl-AZ,6bdffe46-8532-457c-aca8-f7248f437bac,,VALID,"azeri (kyrillinen, Azerbaidžan)","azerbajdzjanska (kyrilliska, Azerbajdzjan)","Azerbaijani (Cyrillic, Azerbaijan)",,,,
bas-CM,7f9ede69-6135-476e-bead-ade8d7285ce2,,VALID,basaa (Kamerun),basa (Kamerun),Basaa (Cameroon),,,,
ar-ER,ba724c56-8b5a-444a-8348-98a5fd707a33,,VALID,arabia (Eritrea),arabiska (Eritrea),Arabic (Eritrea),,,,
bn,4f64c64f-fd42-4994-ada3-b9895f672f4c,,VALID,bengali,bengali,Bengali,,,,
ak-GH,1f4bb2fd-b4f3-486e-8cb3-bae00806ddf4,,VALID,akan (Ghana),akan (Ghana),Akan (Ghana),,,,
ar-DZ,f7fe8fea-de37-4a58-8e3b-4975257ad340,,VALID,arabia (Algeria),arabiska (Algeriet),Arabic (Algeria),,,,
az-Latn-AZ,b0e92764-6d8a-4b70-b092-3777f2b3c17a,,VALID,"azeri (latinalainen, Azerbaidžan)","azerbajdzjanska (latinska, Azerbajdzjan)","Azerbaijani (Latin, Azerbaijan)",,,,
ar-TN,d85420ca-f800-4256-bebf-0e012d06e941,,VALID,arabia (Tunisia),arabiska (Tunisien),Arabic (Tunisia),,,,
ar-EG,3144d70b-f351-4665-96c8-2967ad9a1c35,,VALID,arabia (Egypti),arabiska (Egypten),Arabic (Egypt),,,,
en-SI,49e262ec-4ead-4d58-9b1e-765df9edba01,,VALID,englanti (Slovenia),engelska (Slovenien),English (Slovenia),,,,
fr-GP,4d948479-a857-4c2b-8c6f-c104e0cbb259,,VALID,ranska (Guadeloupe),franska (Guadeloupe),French (Guadeloupe),,,,
en-NF,fe18d6ae-f71b-43da-9d79-5e9425180a82,,VALID,englanti (Norfolkinsaari),engelska (Norfolkön),English (Norfolk Island),,,,
es-VE,72c1e8c9-7dd1-41bd-b516-442a4843bab4,,VALID,espanja (Venezuela),spanska (Venezuela),Spanish (Venezuela),,,,
en-BM,755105f6-a376-473f-b649-d3b1e8db0c2c,,VALID,englanti (Bermuda),engelska (Bermuda),English (Bermuda),,,,
fr-CH,7be1a0c4-58d5-403b-803b-827fb633a824,,VALID,ranska (Sveitsi),franska (Schweiz),French (Switzerland),,,,
en-AT,a7ee8e09-37ae-4312-b736-d9071508e9a7,,VALID,englanti (Itävalta),engelska (Österrike),English (Austria),,,,
en-DM,a50e6e3f-a113-4b53-bcd2-57e8a544658c,,VALID,englanti (Dominica),engelska (Dominica),English (Dominica),,,,
en-CC,06848606-4cad-4cd4-a2df-683bcc393dee,,VALID,englanti (Kookossaaret (Keelingsaaret)),engelska (Kokosöarna),English (Cocos (Keeling) Islands),,,,
en-LC,69fe573b-6154-4d6d-ac9a-a985cc99c487,,VALID,englanti (Saint Lucia),engelska (S:t Lucia),English (St. Lucia),,,,
en-BW,709a1f66-1347-4cfd-a5cd-49e603316f00,,VALID,englanti (Botswana),engelska (Botswana),English (Botswana),,,,
es-PE,ffc43f1f-5154-4f3e-8669-e6996fa9ebc4,,VALID,espanja (Peru),spanska (Peru),Spanish (Peru),,,,
en-US-POSIX,245d63dc-7448-4566-91a8-e7e315dc0170,,VALID,"englanti (Yhdysvallat, tietokonemäärittely POSIX)","engelska (USA, Posix)","English (United States, Computer)",,,,
fr-MF,ef77818d-8ef6-46b3-a889-4e8cb840bd8a,,VALID,ranska (Saint-Martin),franska (S:t Martin),French (St. Martin),,,,
en-CX,c8e761a3-2229-44f3-9235-0d396e787ab3,,VALID,englanti (Joulusaari),engelska (Julön),English (Christmas Island),,,,
fr-MA,04448e2c-da23-4780-a89a-182c2398ea50,,VALID,ranska (Marokko),franska (Marocko),French (Morocco),,,,
es-PR,01c609f6-6bdd-4da2-b792-6084ba670f16,,VALID,espanja (Puerto Rico),spanska (Puerto Rico),Spanish (Puerto Rico),,,,
en-SC,70b76f41-9b6d-4c17-92d5-638ab6558688,,VALID,englanti (Seychellit),engelska (Seychellerna),English (Seychelles),,,,
fil,e6617e02-a145-435e-b852-5c96a18b02c4,,VALID,filipino,filippinska,Filipino,,,,
el-GR,ce9acf4e-54d2-49fb-a8a2-843fb885f306,,VALID,kreikka (Kreikka),grekiska (Grekland),Greek (Greece),,,,
en-PK,27185f11-38dd-43fc-801b-8f300928a4dd,,VALID,englanti (Pakistan),engelska (Pakistan),English (Pakistan),,,,
fa-AF,f5509045-72f6-4fdc-bd52-6452336d0e57,,VALID,farsi (Afganistan),persiska (Afghanistan),Persian (Afghanistan),,,,
es-PH,c03fbbb8-860d-4909-9215-4f29985d7251,,VALID,espanja (Filippiinit),spanska (Filippinerna),Spanish (Philippines),,,,
fr-NE,f877e2ac-7d94-408a-b614-8acef28c82b8,,VALID,ranska (Niger),franska (Niger),French (Niger),,,,
ee-GH,9b043681-cb4c-4223-a69b-98c36394404e,,VALID,ewe (Ghana),ewe (Ghana),Ewe (Ghana),,,,
ebu,7e260a10-230f-48c7-84de-dc902d47e947,,VALID,embu,embu,Embu,,,,
en-AI,b401350d-7ff9-4210-aa7b-e89c92503989,,VALID,englanti (Anguilla),engelska (Anguilla),English (Anguilla),,,,
en-PG,c296359c-22cf-482e-a88d-ca977e0443a9,,VALID,englanti (Papua-Uusi-Guinea),engelska (Papua Nya Guinea),English (Papua New Guinea),,,,
en-BS,c2a98cb0-fa03-4a60-9dc7-c005ef2a8328,,VALID,englanti (Bahama),engelska (Bahamas),English (Bahamas),,,,
dz-BT,67fad710-a9b4-4a33-8dad-30938dbffee2,,VALID,dzongkha (Bhutan),bhutanesiska (Bhutan),Dzongkha (Bhutan),,,,
en-MP,a12b14f1-363f-4d8e-a851-c7e14a76c4d6,,VALID,englanti (Pohjois-Mariaanit),engelska (Nordmarianerna),English (Northern Mariana Islands),,,,
en-KI,6c70c1f4-6cc5-49dc-9820-e1a6a8ccb554,,VALID,englanti (Kiribati),engelska (Kiribati),English (Kiribati),,,,
en-AG,9502b43f-1b3f-4990-ac9a-c0c4d50ffd69,,VALID,englanti (Antigua ja Barbuda),engelska (Antigua och Barbuda),English (Antigua & Barbuda),,,,
es-IC,ae31245a-6b7f-480b-8c07-06d8ddacc93b,,VALID,espanja (Kanariansaaret),spanska (Kanarieöarna),Spanish (Canary Islands),,,,
en-SH,e90e3468-f6b7-4d4f-bc97-351cc8aeba44,,VALID,englanti (Saint Helena),engelska (S:t Helena),English (St. Helena),,,,
es-CO,c1620423-4bc2-41be-bdad-a8b5f498cac1,,VALID,espanja (Kolumbia),spanska (Colombia),Spanish (Colombia),,,,
en-GM,cff9ee23-0719-435b-8ae6-43d3f56ae925,,VALID,englanti (Gambia),engelska (Gambia),English (Gambia),,,,
en-PH,69d9c1e8-fcbf-469c-a926-f6ff3d2ef4da,,VALID,englanti (Filippiinit),engelska (Filippinerna),English (Philippines),,,,
fr-CF,8fd920fd-8253-4fb9-b3cb-fee208036305,,VALID,ranska (Keski-Afrikan tasavalta),franska (Centralafrikanska republiken),French (Central African Republic),,,,
en-IE,22224a02-00e8-4ddc-8331-3067787d52da,,VALID,englanti (Irlanti),engelska (Irland),English (Ireland),,,,
fr-YT,83623bf1-71e2-47a4-a1ac-56b9da990b9a,,VALID,ranska (Mayotte),franska (Mayotte),French (Mayotte),,,,
eu,49694aa2-32e3-4892-97b6-74ffe49c7d1d,,VALID,baski,baskiska,Basque,,,,
ckb,51f2b5b8-2644-44e6-802f-e5041f27023d,,VALID,sorani,soranisk kurdiska,Central Kurdish,,,,
ca-ES-VALENCIA,488aab3f-abef-428b-88aa-09ddc66c371f,,VALID,"katalaani (Espanja, katalaanin valencian murre)","katalanska (Spanien, valensisk dialekt)","Catalan (Spain, Valencian)",,,,
cgg,9b8151d4-df88-4026-9a5b-ca3c0b872748,,VALID,kiga,chiga,Chiga,,,,
da-GL,a0168cda-cb60-41bb-8798-b1757449d0dc,,VALID,tanska (Grönlanti),danska (Grönland),Danish (Greenland),,,,
chr,e9ef4899-93e8-41c9-9b8c-e70e140cd324,,VALID,cherokee,cherokesiska,Cherokee,,,,
vi-VN,0d601ada-3939-4b7f-8296-7e9bbee49fac,,VALID,vietnam (Vietnam),vietnamesiska (Vietnam),Vietnamese (Vietnam),,,,
vai-Vaii,ad5385f2-4d83-4547-8d86-7d2a35f14216,,VALID,vai (vailainen),vaj (vaj),Vai (Vai),,,,
tr-CY,d7f0fca7-fcf6-4c8b-8050-06c6b2e16c70,,VALID,turkki (Kypros),turkiska (Cypern),Turkish (Cyprus),,,,
ug-CN,20d2ccbb-90d7-495a-bfba-ea2d0f590890,,VALID,uiguuri (Kiina),uiguriska (Kina),Uyghur (China),,,,
te,75ed1ee8-da47-4edd-8faa-4b781dcd730b,,VALID,telugu,telugiska,Telugu,,,,
pt-CH,e5024050-81bd-48d3-8e5b-c8abab0f4664,,VALID,portugali (Sveitsi),portugisiska (Schweiz),Portuguese (Switzerland),,,,
or-IN,81c55a41-0ef7-4022-bd33-f32d70dfb757,,VALID,orija (Intia),oriya (Indien),Oriya (India),,,,
or,d1ded15d-6900-4bec-864d-27728b672177,,VALID,orija,oriya,Oriya,,,,
pa-Guru-IN,68633aa5-7a6e-43b2-80bb-f08892be4e87,,VALID,"pandžabi (gurmukhi, Intia)","punjabi (gurmukhi, Indien)","Punjabi (Gurmukhi, India)",,,,
pt-GQ,33205b48-6729-46d9-9d1c-9dec0d04cb7a,,VALID,portugali (Päiväntasaajan Guinea),portugisiska (Ekvatorialguinea),Portuguese (Equatorial Guinea),,,,
om-KE,ae4e4dd0-cd0d-44ec-b843-a90205e6a4db,,VALID,oromo (Kenia),oromo (Kenya),Oromo (Kenya),,,,
pt-AO,29ace591-60d9-45e5-8f35-4c7b449cc3c2,,VALID,portugali (Angola),portugisiska (Angola),Portuguese (Angola),,,,
pa-IN,ac151c11-749f-494e-8d98-1d45370a6c07,,VALID,pandžabi (Intia),punjabi (Indien),Punjabi (India),,,,
om-ET,29e4e98a-fe7c-49dc-a28e-8e44e1a05dd7,,VALID,oromo (Etiopia),oromo (Etiopien),Oromo (Ethiopia),,,,
pt-CV,4cc3ec5e-8ab7-4a5a-bc37-934551567545,,VALID,portugali (Kap Verde),portugisiska (Kap Verde),Portuguese (Cape Verde),,,,
os,052bc087-05e2-469d-b080-eb73e0084acb,,VALID,osseetti,ossetiska,Ossetic,,,,
pt-LU,21be5bfc-3ced-4b0c-9542-18c4fecb1dc9,,VALID,portugali (Luxemburg),portugisiska (Luxemburg),Portuguese (Luxembourg),,,,
ka-GE,387a136f-8046-4685-956a-6a6dbdeee193,,VALID,georgia (Georgia),georgiska (Georgien),Georgian (Georgia),,,,
ky,cbb56a1b-5990-4a13-8b54-92cab773301b,,VALID,kirgiisi,kirgisiska,Kyrgyz,,,,
ks,1f3b7c84-c585-4339-89e0-f4695d508f82,,VALID,kašmiri,kashmiriska,Kashmiri,,,,
ksh,ea5f7097-46a3-4671-9d8d-0314c746e3d2,,VALID,kölsch,kölniska,Colognian,,,,
kok-IN,7571a6ef-f0ba-4e2e-aa0b-007c155d39cd,,VALID,konkani (Intia),konkani (Indien),Konkani (India),,,,
jgo,c651fdd1-c40e-4774-b8e5-be530dade149,,VALID,ngomba,ngomba,Ngomba,,,,
lg,511584ab-7d82-4534-b5ac-549dc564e56c,,VALID,ganda,luganda,Ganda,,,,
kl,a720b7b5-6a02-4c88-b8f3-cc813ca1c517,,VALID,kalaallisut,grönländska,Kalaallisut,,,,
km-KH,ef39e5cc-3eb5-46ac-bb59-8f1949cf09ce,,VALID,khmer (Kambodža),kambodjanska (Kambodja),Khmer (Cambodia),,,,
ln-CD,eb9d0ab4-f49f-41f7-a814-75f6024aaaf6,,VALID,lingala (Kongon demokraattinen tasavalta),lingala (Kongo-Kinshasa),Lingala (Congo - Kinshasa),,,,
it-IT,eb08d6ff-9b51-42fc-852f-29c100bd9cbc,,VALID,italia (Italia),italienska (Italien),Italian (Italy),,,,
kde,70148e3d-5bdb-488b-9922-f70eae6d81c7,,VALID,makonde,makonde,Makonde,,,,
ln-CG,67af0c80-19d8-43f6-ad44-84b8b9047c9e,,VALID,lingala (Kongon tasavalta),lingala (Kongo-Brazzaville),Lingala (Congo - Brazzaville),,,,
ki,ebabf16a-3dbe-4cf7-a1cc-71e6f034ab44,,VALID,kikuju,kikuyu,Kikuyu,,,,
it-CH,43d13d0d-f30a-4065-9214-02e7fd966dde,,VALID,italia (Sveitsi),italienska (Schweiz),Italian (Switzerland),,,,
lo-LA,7d95fa70-fbff-4af7-ae52-dfd526521f31,,VALID,lao (Laos),laotiska (Laos),Lao (Laos),,,,
lo,cf7e37c2-d90d-4e75-b862-03d102e3d4ef,,VALID,lao,laotiska,Lao,,,,
ln-CF,915ae509-aa46-40d5-8c32-786bfae8d8c9,,VALID,lingala (Keski-Afrikan tasavalta),lingala (Centralafrikanska republiken),Lingala (Central African Republic),,,,
lb-LU,7cd42dd6-e139-4198-86cb-d470ff618239,,VALID,luxemburg (Luxemburg),luxemburgiska (Luxemburg),Luxembourgish (Luxembourg),,,,
ne-IN,929ccd9b-a49a-4e58-93b2-da5a636995f6,,VALID,nepali (Intia),nepalesiska (Indien),Nepali (India),,,,
my,9a1d97cd-2f8b-4b69-a7da-390258fd24fe,,VALID,burma,burmesiska,Burmese,,,,
nn,73a5d8ab-9e48-43b5-a05e-aad906dc3a4f,,VALID,norjan nynorsk,nynorska,Norwegian Nynorsk,,,,
mg-MG,b0d99c9a-f6bf-4c4b-9871-efaeb3b234f8,,VALID,malagassi (Madagaskar),malagassiska (Madagaskar),Malagasy (Madagascar),,,,
nmg-CM,a4bc89c4-7267-498e-bdf2-6896f72528b3,,VALID,kwasio (Kamerun),kwasio (Kamerun),Kwasio (Cameroon),,,,
lv-LV,8d2d1ea9-60dd-411e-bed4-f8f38590fea9,,VALID,latvia (Latvia),lettiska (Lettland),Latvian (Latvia),,,,
mas-KE,c11dd156-98fc-4a22-991d-b1ee82f6067c,,VALID,maasai (Kenia),massajiska (Kenya),Masai (Kenya),,,,
mgh-MZ,006de1f9-c42c-4b79-bd38-c70beaf704f8,,VALID,makua-meetto (Mosambik),makhuwa-meetto (Moçambique),Makhuwa-Meetto (Mozambique),,,,
my-MM,f3e25a2a-368f-4d65-b3f9-20d76c50120a,,VALID,burma (Myanmar (Burma)),burmesiska (Myanmar (Burma)),Burmese (Myanmar (Burma)),,,,
nmg,de6cfab1-ae77-457d-8469-348f32e4e71d,,VALID,kwasio,kwasio,Kwasio,,,,
mk-MK,939b263e-24e8-474e-bc9e-e843915fb8f6,,VALID,makedonia (Makedonia),makedonska (Makedonien),Macedonian (Macedonia),,,,
nl-BQ,eac9109e-3d5b-4e5b-ad94-faa2e2784d91,,VALID,hollanti (Karibian Alankomaat),nederländska (Karibiska Nederländerna),Dutch (Caribbean Netherlands),,,,
nus,8c21c7f3-c417-480a-b30d-bda26d259515,,VALID,nuer,nuer,Nuer,,,,
mk,e8b3e457-8b5e-4747-9ed1-adeeff54650b,,VALID,makedonia,makedonska,Macedonian,,,,
mt,41cd5769-5ca7-4d31-9011-6debea0299fd,,VALID,malta,maltesiska,Maltese,,,,
nus-SS,66032bb2-d931-4ff6-981d-9a1b27e362e7,,VALID,nuer (Etelä-Sudan),nuer (Sydsudan),Nuer (South Sudan),,,,
zh-Hant-HK,e11a5a5c-5e08-45b8-a2d8-5ed15cd22681,,VALID,"kiina (perinteinen han, Hongkong – Kiinan e.h.a.)","kinesiska (traditionella, Hongkong, S.A.R. Kina)","Chinese (Traditional, Hong Kong SAR China)",,,,
yav,08656832-4948-4e19-8676-1d4fec5d3f31,,VALID,yangben,yangben,Yangben,,,,
yo-NG,a9a6ec87-5443-42cf-a86b-cdb15bad6b92,,VALID,joruba (Nigeria),yoruba (Nigeria),Yoruba (Nigeria),,,,
zh-Hant-MO,f73431b0-5e19-4a82-8c45-9eb635d1b1d3,,VALID,"kiina (perinteinen han, Macao – Kiinan e.h.a.)","kinesiska (traditionella, Macao, S.A.R. Kina)","Chinese (Traditional, Macau SAR China)",,,,
zh-Hans-SG,382b0320-b98b-462f-b7ed-92ae1685e80f,,VALID,"kiina (yksinkertaistettu han, Singapore)","kinesiska (förenklade, Singapore)","Chinese (Simplified, Singapore)",,,,
zh,e21e16c3-4a65-40e3-8057-e265368920b1,,VALID,kiina,kinesiska,Chinese,,,,
zgh,486602c2-a618-4f37-96d5-9ef98b3d24bf,,VALID,vakioitu tamazight,marockansk standard-tamazight,Standard Moroccan Tamazight,,,,
id,b0ddee3e-071d-4d3c-bb39-f7502f7ec3d8,,VALID,indonesian,indonesiska,Indonesian,,,,
hy,02b77fdb-46cc-4ebb-a055-acf3c0c2c1b5,,VALID,armenia,armeniska,Armenian,,,,
gu,5b7c106a-9a8c-4cd4-b651-2a08b4cab2df,,VALID,gudžarati,gujarati,Gujarati,,,,
hr-HR,2aef2501-832b-4b7e-b71a-eaae884a679a,,VALID,kroatia (Kroatia),kroatiska (Kroatien),Croatian (Croatia),,,,
ii,e76163d1-478d-4c2d-b40a-f0a57a4a3aef,,VALID,sichuanin-yi,szezuan i,Sichuan Yi,,,,
ha-GH,fb62c8dd-dadf-46b3-99b2-e40a06df14cf,,VALID,hausa (Ghana),hausa (Ghana),Hausa (Ghana),,,,
uz,4e1af7b2-4ad2-494f-ac59-d3f47c6bdec1,,VALID,uzbekki,uzbekiska,Uzbek,,,,
to,67a854d1-21f9-497a-8694-d38cb1f67503,,VALID,tonga,tonganska,Tongan,,,,
uz-Latn-UZ,801dddc2-c3a1-4be0-8ba9-90e0bff9a0cc,,VALID,"uzbekki (latinalainen, Uzbekistan)","uzbekiska (latinska, Uzbekistan)","Uzbek (Latin, Uzbekistan)",,,,
ta-MY,91f83f64-ed69-4e48-889c-8fd201c7a809,,VALID,tamili (Malesia),tamil (Malaysia),Tamil (Malaysia),,,,
tk-TM,fc0b48b8-6b6c-4881-b5b4-ce5b9ef611b3,,VALID,turkmeeni (Turkmenistan),turkmeniska (Turkmenistan),Turkmen (Turkmenistan),,,,
haw,ed667496-0a9a-461e-8e49-b24581c56e31,,VALID,havaiji,hawaiiska,Hawaiian,,,,
seh-MZ,92df5507-d7e4-4c87-a66e-e0b060beafea,,VALID,sena (Mosambik),sena (Moçambique),Sena (Mozambique),,,,
rwk-TZ,cf3e9c26-5226-44a4-9df8-ea5a6bd475c4,,VALID,rwa (Tansania),rwa (Tanzania),Rwa (Tanzania),,,,
sq-AL,12ae7ff7-7b3c-4b90-8d4c-3f4ca285976b,,VALID,albania (Albania),albanska (Albanien),Albanian (Albania),,,,
ru,a45e2588-e2ed-4679-8d7e-f335f6b5260c,,VALID,venäjä,ryska,Russian,,,,
rm-CH,ae189ebe-b1b1-498a-b97d-8993b820446b,,VALID,retoromaani (Sveitsi),rätoromanska (Schweiz),Romansh (Switzerland),,,,
se-SE,3578edf0-2b02-469f-997f-885a1af0461c,,VALID,pohjoissaame (Ruotsi),nordsamiska (Sverige),Northern Sami (Sweden),,,,
se-NO,ef660d36-b988-4a8c-841a-f48ea189d03d,,VALID,pohjoissaame (Norja),nordsamiska (Norge),Northern Sami (Norway),,,,
sr-Latn-ME,34f9b688-20d1-4fd1-9998-192b82cda9c3,,VALID,"serbia (latinalainen, Montenegro)","serbiska (latinska, Montenegro)","Serbian (Latin, Montenegro)",,,,
seh,46311aa2-caa0-4038-ac99-0a107b3d8c99,,VALID,sena,sena,Sena,,,,
sw,d1707952-331f-42f1-b7fd-7af54cce42d3,,VALID,swahili,swahili,Swahili,,,,
sl-SI,05cd40de-e00e-4999-a0b3-622050280623,,VALID,sloveeni (Slovenia),slovenska (Slovenien),Slovenian (Slovenia),,,,
shi,b8f9ea2b-df22-4c6d-86d1-bab2c1300be3,,VALID,tašelhit,tachelhit,Tachelhit,,,,
sq-MK,68341dc7-3d1d-4d5d-bc8a-86fb85206c52,,VALID,albania (Makedonia),albanska (Makedonien),Albanian (Macedonia),,,,
ar-OM,b0e21ec2-6b70-49ca-a3aa-5423bb348992,,VALID,arabia (Oman),arabiska (Oman),Arabic (Oman),,,,
bas,c0617011-5bc3-4d1e-a117-61f107799f77,,VALID,basaa,basa,Basaa,,,,
ar-KW,c808a20d-aa30-401e-b163-15afe84a2c06,,VALID,arabia (Kuwait),arabiska (Kuwait),Arabic (Kuwait),,,,
ar-SS,addf1d53-2dbb-4f1f-8ccf-6e926d12aaf5,,VALID,arabia (Etelä-Sudan),arabiska (Sydsudan),Arabic (South Sudan),,,,
bez,2b9b7632-4797-4948-8325-1f452e1f3465,,VALID,bena,bena,Bena,,,,
ast,3a3fe974-3b6d-4458-8e0b-b94e4fd3054b,,VALID,asturia,asturiska,Asturian,,,,
agq,db02e698-2918-427a-91cc-fd55bd3d48f9,,VALID,aghem,aghem,Aghem,,,,
az-AZ,c3eeac86-f31d-4a00-94e8-33ad035ddf94,,VALID,azeri (Azerbaidžan),azerbajdzjanska (Azerbajdzjan),Azerbaijani (Azerbaijan),,,,
bs-Cyrl-BA,0f6b15a7-a984-4cf3-b503-c0882b246df0,,VALID,"bosnia (kyrillinen, Bosnia ja Hertsegovina)","bosniska (kyrilliska, Bosnien och Hercegovina)","Bosnian (Cyrillic, Bosnia & Herzegovina)",,,,
ar-SD,d15cd3d7-4aaf-4ad7-a03e-274fc87fb71e,,VALID,arabia (Sudan),arabiska (Sudan),Arabic (Sudan),,,,
brx,182f9398-2c5f-4fa4-a379-b1e3695a013a,,VALID,bodo,bodo,Bodo,,,,
ar-QA,a759dd0a-4a49-4cdf-8571-3218c12cfdbb,,VALID,arabia (Qatar),arabiska (Qatar),Arabic (Qatar),,,,
bo-CN,6cb0a761-e57a-4c2e-9d9c-67e066f90d2b,,VALID,tiibet (Kiina),tibetanska (Kina),Tibetan (China),,,,
bn-IN,8069144b-8184-463d-a9ce-7273f741299c,,VALID,bengali (Intia),bengali (Indien),Bengali (India),,,,
ar-KM,fcb90254-907e-4c7e-bad6-16bf9a8dba6e,,VALID,arabia (Komorit),arabiska (Komorerna),Arabic (Comoros),,,,
am-ET,c9a5c064-ca2b-445d-b70d-1ba23f378e9f,,VALID,amhara (Etiopia),amhariska (Etiopien),Amharic (Ethiopia),,,,
en-BI,854fd383-7209-4d81-94d0-1e0735226487,,VALID,englanti (Burundi),engelska (Burundi),English (Burundi),,,,
fr-MR,6f2272fb-42ac-45a7-9416-735b80b7c056,,VALID,ranska (Mauritania),franska (Mauretanien),French (Mauritania),,,,
ff-MR,a70d9fba-93d8-47e3-98b2-39ac1af5ebd3,,VALID,fulani (Mauritania),fulani (Mauretanien),Fulah (Mauritania),,,,
ebu-KE,c01d5382-f670-4059-a4b2-411e8b728bd9,,VALID,embu (Kenia),embu (Kenya),Embu (Kenya),,,,
fo,b205b971-6352-4af6-a6df-639777c2e6d3,,VALID,fääri,färöiska,Faroese,,,,
es-UY,164f7e9f-6bc3-4bc8-815f-fab16b5e8749,,VALID,espanja (Uruguay),spanska (Uruguay),Spanish (Uruguay),,,,
fr-BJ,19484265-cdd8-4432-8e80-74429b6eab41,,VALID,ranska (Benin),franska (Benin),French (Benin),,,,
fr,a8feb7db-26e5-4bf4-9547-e3c922dd30b2,,VALID,ranska,franska,French,,,,
en-UM,7960b7ce-cbc9-4d8c-a792-a60880727ba0,,VALID,englanti (Yhdysvaltain erillissaaret),engelska (USA:s yttre öar),English (U.S. Outlying Islands),,,,
en-RW,473856e8-566f-4c8e-a464-c09fb19d2502,,VALID,englanti (Ruanda),engelska (Rwanda),English (Rwanda),,,,
en-MU,ed4b4b92-c830-449d-b3e1-e12bbf7b8cb5,,VALID,englanti (Mauritius),engelska (Mauritius),English (Mauritius),,,,
en-TV,c00450a2-ff32-41ae-aa9a-44daae6e9ea9,,VALID,englanti (Tuvalu),engelska (Tuvalu),English (Tuvalu),,,,
en-AS,f34c7de3-3d5e-4d9f-885a-bb79f53a7e33,,VALID,englanti (Amerikan Samoa),engelska (Amerikanska Samoa),English (American Samoa),,,,
et-EE,46b9b023-cc65-427b-8029-e5df5916e32a,,VALID,viro (Viro),estniska (Estland),Estonian (Estonia),,,,
fr-MG,5e531ec4-ef49-43f5-9552-006a604642c1,,VALID,ranska (Madagaskar),franska (Madagaskar),French (Madagascar),,,,
fr-CA,b5b5e723-f676-465f-8b7a-a364387d4981,,VALID,ranska (Kanada),franska (Kanada),French (Canada),,,,
fr-MQ,326dc954-408c-4030-8786-c422c27d4dbe,,VALID,ranska (Martinique),franska (Martinique),French (Martinique),,,,
fr-BF,83755851-7c17-4129-a8b1-00af3ddc24e0,,VALID,ranska (Burkina Faso),franska (Burkina Faso),French (Burkina Faso),,,,
en-JE,a7c5b0a5-1846-4d1d-befe-1965965b3246,,VALID,englanti (Jersey),engelska (Jersey),English (Jersey),,,,
es-GT,c2baed15-e7c8-4049-b388-4513f6a588bf,,VALID,espanja (Guatemala),spanska (Guatemala),Spanish (Guatemala),,,,
fr-WF,2c12b23c-d686-49a0-aca3-d97c817fc215,,VALID,ranska (Wallis ja Futuna),franska (Wallis- och Futunaöarna),French (Wallis & Futuna),,,,
el,dae66997-830e-410e-9da7-ba705d2a3a50,,VALID,kreikka,grekiska,Greek,,,,
fr-TN,98d4c760-8e94-4a6c-b393-a4a86f9ed3b8,,VALID,ranska (Tunisia),franska (Tunisien),French (Tunisia),,,,
en-TK,d624de84-21c3-424b-bad1-58a339d25404,,VALID,englanti (Tokelau),engelska (Tokelau),English (Tokelau),,,,
en-TO,7733db1f-b9e0-4d1e-9303-5042bdc4c4c0,,VALID,englanti (Tonga),engelska (Tonga),English (Tonga),,,,
en-WS,5457cb75-dd73-4cf9-b27a-2d4e43ddf638,,VALID,englanti (Samoa),engelska (Samoa),English (Samoa),,,,
en-KE,26d1af90-14d9-442f-bdc6-845673811b84,,VALID,englanti (Kenia),engelska (Kenya),English (Kenya),,,,
en-KN,f547ac39-cf53-453b-98a0-547a0dc4bec7,,VALID,englanti (Saint Kitts ja Nevis),engelska (S:t Kitts och Nevis),English (St. Kitts & Nevis),,,,
en-ZW,9326340b-5cc3-46b3-afd3-7bd33e638a58,,VALID,englanti (Zimbabwe),engelska (Zimbabwe),English (Zimbabwe),,,,
es-SV,3503bea1-5860-471c-b960-2122fdd609dd,,VALID,espanja (El Salvador),spanska (El Salvador),Spanish (El Salvador),,,,
es-HN,267b85b2-9c88-4dc9-a63a-4a1ddfe38ecf,,VALID,espanja (Honduras),spanska (Honduras),Spanish (Honduras),,,,
es-EA,c2c37473-53e2-42ba-aec8-2ce76b798546,,VALID,espanja (Ceuta ja Melilla),spanska (Ceuta och Melilla),Spanish (Ceuta & Melilla),,,,
dyo,fbecce76-2738-47b1-b5ec-e4c568264966,,VALID,jola-fonyi,jola-fonyi,Jola-Fonyi,,,,
ff,602c8bae-07c6-4841-a841-be486d990da9,,VALID,fulani,fulani,Fulah,,,,
en-SL,a74a56e5-b5dc-44a9-bd57-26c58f920d75,,VALID,englanti (Sierra Leone),engelska (Sierra Leone),English (Sierra Leone),,,,
fr-SC,e3f85163-d10d-4bee-91f9-5becf0d88bdf,,VALID,ranska (Seychellit),franska (Seychellerna),French (Seychelles),,,,
en-GU,ac37c8f2-d1c3-4a25-b16f-654ead2d3dd8,,VALID,englanti (Guam),engelska (Guam),English (Guam),,,,
el-CY,1bd07699-b8ae-44d4-a906-aecdbdf0e621,,VALID,kreikka (Kypros),grekiska (Cypern),Greek (Cyprus),,,,
en-CA,9203995a-1c62-444c-8f1e-cdab3affd1ea,,VALID,englanti (Kanada),engelska (Kanada),English (Canada),,,,
ewo-CM,efbce10d-9393-4f51-a59e-5bddd027cea0,,VALID,ewondo (Kamerun),ewondo (Kamerun),Ewondo (Cameroon),,,,
es-BR,fb81b2fc-0f59-4b79-b4a3-6b86ce038db2,,VALID,espanja (Brasilia),spanska (Brasilien),Spanish (Brazil),,,,
en-IO,49610312-f122-4d6c-b1df-9007a81238ea,,VALID,englanti (Brittiläinen Intian valtameren alue),engelska (Brittiska territoriet i Indiska oceanen),English (British Indian Ocean Territory),,,,
es-BO,fb873e36-9801-493d-857c-837d76580273,,VALID,espanja (Bolivia),spanska (Bolivia),Spanish (Bolivia),,,,
en-ER,41b266c4-5f9d-4256-986d-1ff28c891430,,VALID,englanti (Eritrea),engelska (Eritrea),English (Eritrea),,,,
en-GG,f63c0b83-7eed-48f7-a379-31d24ad63d49,,VALID,englanti (Guernsey),engelska (Guernsey),English (Guernsey),,,,
en-TZ,a949a053-1e5b-4eec-990e-77ed09c3d1c9,,VALID,englanti (Tansania),engelska (Tanzania),English (Tanzania),,,,
fr-DJ,319124c1-1cb9-4d22-9060-4c6be4304b08,,VALID,ranska (Djibouti),franska (Djibouti),French (Djibouti),,,,
en-001,84223dd7-c81f-43e6-98d1-06e626def9c1,,VALID,englanti (maailma),engelska (världen),English (World),,,,
en-GH,492f870f-c8fe-42d6-99a2-bdefd028da84,,VALID,englanti (Ghana),engelska (Ghana),English (Ghana),,,,
fr-LU,40ff8c19-07c9-4f6a-9f4a-88d508b2675e,,VALID,ranska (Luxemburg),franska (Luxemburg),French (Luxembourg),,,,
ga,c1fc5301-fafa-4283-9b9e-e917d11d5885,,VALID,iiri,iriska,Irish,,,,
ga-IE,0ea636de-5444-4085-9c7b-b64949d6dede,,VALID,iiri (Irlanti),iriska (Irland),Irish (Ireland),,,,
gsw-CH,4f7a2f9a-f6c2-4c40-95b1-320666ab5d80,,VALID,sveitsinsaksa (Sveitsi),schweizertyska (Schweiz),Swiss German (Switzerland),,,,
hsb,17f440a3-3e40-491b-aada-31288c86ee80,,VALID,yläsorbi,högsorbiska,Upper Sorbian,,,,
ha-NG,eff2726c-8799-4aa8-a368-9bd11563c3ac,,VALID,hausa (Nigeria),hausa (Nigeria),Hausa (Nigeria),,,,
guz-KE,e1b3e1c3-0dc8-42b8-85d2-666c544355fc,,VALID,gusii (Kenia),gusii (Kenya),Gusii (Kenya),,,,
hsb-DE,189e4a74-b023-4bd4-8603-69c3871d0974,,VALID,yläsorbi (Saksa),högsorbiska (Tyskland),Upper Sorbian (Germany),,,,
ig-NG,de02ab6d-f891-43d3-9450-59b113d5dd93,,VALID,igbo (Nigeria),igbo (Nigeria),Igbo (Nigeria),,,,
gd-GB,10fbc28d-f80b-4b36-89c3-97fcd2e55d0c,,VALID,gaeli (Iso-Britannia),skotsk gäliska (Storbritannien),Scottish Gaelic (United Kingdom),,,,
chr-US,19f30c8b-540d-4b6a-80fd-30ca53cd5d95,,VALID,cherokee (Yhdysvallat),cherokesiska (USA),Cherokee (United States),,,,
dsb,8b175392-5d3a-43a4-be7b-ed71fa722760,,VALID,alasorbi,lågsorbiska,Lower Sorbian,,,,
ckb-IQ,5b64e10f-e2bc-49f4-b108-7a2c17e6d43e,,VALID,sorani (Irak),soranisk kurdiska (Irak),Central Kurdish (Iraq),,,,
ca-FR,d69e254a-5d0a-4b0c-a6b8-8b3594c97a16,,VALID,katalaani (Ranska),katalanska (Frankrike),Catalan (France),,,,
dje-NE,582c0275-4e71-4041-9065-0a703980b37c,,VALID,djerma (Niger),zarma (Niger),Zarma (Niger),,,,
ca-ES,6456a34a-a3e8-4ce9-9b8d-49d6f860ce71,,VALID,katalaani (Espanja),katalanska (Spanien),Catalan (Spain),,,,
de,59ffef71-e5cf-44f1-823d-4c8947315457,,VALID,saksa,tyska,German,,,,
dav,c3405a2c-79fb-475b-8eaf-ee0755c09697,,VALID,taita,taita,Taita,,,,
jgo-CM,f6c82803-96eb-42bd-9541-43683ee4597c,,VALID,ngomba (Kamerun),ngomba (Kamerun),Ngomba (Cameroon),,,,
lu-CD,49e90120-2d27-4056-90ce-6b023356748b,,VALID,katanganluba (Kongon demokraattinen tasavalta),luba-katanga (Kongo-Kinshasa),Luba-Katanga (Congo - Kinshasa),,,,
kam-KE,f155ffcf-ac7e-4624-8258-a5e989a42b3b,,VALID,kamba (Kenia),kamba (Kenya),Kamba (Kenya),,,,
kam,9c52b7e0-fbc2-4c02-8146-badb53760c07,,VALID,kamba,kamba,Kamba,,,,
km,77eea590-80e6-45ae-b40c-9e2738ebacf1,,VALID,khmer,kambodjanska,Khmer,,,,
luo,6dc79e62-5efc-4c9c-8c6e-7b82cec58e62,,VALID,luo,luo,Luo,,,,
lkt-US,14606ba4-d768-4f46-910c-c34cf54c2441,,VALID,lakota (Yhdysvallat),lakota (USA),Lakota (United States),,,,
it-SM,895ba702-09ea-435d-83a3-9861ab8e5dae,,VALID,italia (San Marino),italienska (San Marino),Italian (San Marino),,,,
lag,557709fd-0b6f-4bd9-ac02-38b8af551820,,VALID,lango,langi,Langi,,,,
lrc-IQ,d76fb334-fce2-478d-aedf-1ef9535ba769,,VALID,pohjoisluri (Irak),nordluri (Irak),Northern Luri (Iraq),,,,
kw,dfd0cd60-7e84-45a6-b8c6-10739abb9180,,VALID,korni,korniska,Cornish,,,,
lb,ef16588e-9b88-4cbf-ba3f-90d096860132,,VALID,luxemburg,luxemburgiska,Luxembourgish,,,,
kea-CV,431daeb5-5e1f-41f9-99ca-26465e35080b,,VALID,kapverdenkreoli (Kap Verde),kapverdiska (Kap Verde),Kabuverdianu (Cape Verde),,,,
ja,db628226-2658-4383-a2ca-8e3ade6f28e9,,VALID,japani,japanska,Japanese,,,,
kea,14a7c28b-de50-464f-ab11-2d36bef36356,,VALID,kapverdenkreoli,kapverdiska,Kabuverdianu,,,,
ln,f46a3761-3d97-40f4-bd13-f2ec773a1bf1,,VALID,lingala,lingala,Lingala,,,,
kok,48998ea4-2a94-46e7-a2f5-5ce9e010ff52,,VALID,konkani,konkani,Konkani,,,,
ksf,396a4fe4-57af-43f4-9bc3-488835335104,,VALID,bafia,bafia,Bafia,,,,
lt-LT,5ff65cb8-852f-48d8-9a0a-be90421d680b,,VALID,liettua (Liettua),litauiska (Litauen),Lithuanian (Lithuania),,,,
ka,4842faf3-c3c5-4cba-b3fd-c89024a505c8,,VALID,georgia,georgiska,Georgian,,,,
no,41a60872-dc6c-4e75-9805-984629906c82,,VALID,norja,norska,Norwegian,,,,
nl-BE,bcb2674e-fedc-481e-80b8-1fafc5f2345f,,VALID,hollanti (Belgia),nederländska (Belgien),Dutch (Belgium),,,,
mfe-MU,139d73df-58e6-4f23-bd32-8a4e1c8569c9,,VALID,morisyen (Mauritius),mauritansk kreol (Mauritius),Morisyen (Mauritius),,,,
mas-TZ,4f7f895c-8e55-4d18-b1ca-55002801b778,,VALID,maasai (Tansania),massajiska (Tanzania),Masai (Tanzania),,,,
ms,b5ce5e37-ace5-49a3-9635-d15b4e15f39e,,VALID,malaiji,malajiska,Malay,,,,
mfe,906b7c5b-c07c-4c74-ad97-63b88aae7115,,VALID,morisyen,mauritansk kreol,Morisyen,,,,
no-NO,fc14e4fe-ad81-4895-8c2a-e095677d7670,,VALID,norja (Norja),norska (Norge),Norwegian (Norway),,,,
ms-SG,794668b4-7d52-429c-96fd-3cab6919f177,,VALID,malaiji (Singapore),malajiska (Singapore),Malay (Singapore),,,,
nb,ead46ccf-49db-49c5-abfe-326d770e22e2,,VALID,norjan bokmål,norskt bokmål,Norwegian Bokmål,,,,
ml-IN,aa6028fe-5a1b-4636-806d-8fe2b08281fc,,VALID,malajalam (Intia),malayalam (Indien),Malayalam (India),,,,
mg,60ed1704-e90c-48bc-8df4-8e8cb6abe425,,VALID,malagassi,malagassiska,Malagasy,,,,
mua,830dcb53-51d4-40d7-ae9d-1f3544e0ec03,,VALID,mundang,mundang,Mundang,,,,
mn-MN,80d2b3a2-9fe7-4dfa-bbd0-dbba24710af3,,VALID,mongoli (Mongolia),mongoliska (Mongoliet),Mongolian (Mongolia),,,,
pt-MZ,8472d239-c273-480e-8b45-980e7f4a64ca,,VALID,portugali (Mosambik),portugisiska (Moçambique),Portuguese (Mozambique),,,,
prg-001,a5ce0892-42dc-4143-b02b-960706d59499,,VALID,muinaispreussi (maailma),fornpreussiska (världen),Prussian (World),,,,
os-RU,2ceace73-fa28-41c0-8753-0872e74183e8,,VALID,osseetti (Venäjä),ossetiska (Ryssland),Ossetic (Russia),,,,
sr-Cyrl-BA,c7b34f82-e31c-4d2a-9e61-b534fc26efd7,,VALID,"serbia (kyrillinen, Bosnia ja Hertsegovina)","serbiska (kyrilliska, Bosnien och Hercegovina)","Serbian (Cyrillic, Bosnia & Herzegovina)",,,,
ru-RU,61756d45-c6f1-4a70-ab09-6369839ae825,,VALID,venäjä (Venäjä),ryska (Ryssland),Russian (Russia),,,,
ro-MD,5ac9427b-838d-4285-b30b-c37666413bfd,,VALID,romania (Moldova),rumänska (Moldavien),Romanian (Moldova),,,,
sq,0f6f6392-17ab-4d9c-ab7e-a621214326be,,VALID,albania,albanska,Albanian,,,,
sr-Cyrl-RS,8ec14657-eb8a-4d22-b4a6-2717f3c2e407,,VALID,"serbia (kyrillinen, Serbia)","serbiska (kyrilliska, Serbien)","Serbian (Cyrillic, Serbia)",,,,
shi-Tfng-MA,fa35d43d-fa92-41e3-8e23-2fc2c65d3993,,VALID,"tašelhit (tifinagh, Marokko)","tachelhit (tifinaghiska, Marocko)","Tachelhit (Tifinagh, Morocco)",,,,
sv,931ea36d-b2e9-409b-bf86-87ff85708c75,,VALID,ruotsi,svenska,Swedish,,,,
ru-MD,971a23d0-386d-4292-8afb-48e60ce77ccd,,VALID,venäjä (Moldova),ryska (Moldavien),Russian (Moldova),,,,
sv-AX,9b034043-9b8b-4514-96ba-981292f78efc,,VALID,ruotsi (Ahvenanmaa),svenska (Åland),Swedish (Åland Islands),,,,
ru-KZ,e578671d-52de-4781-a39f-969d2ad24a5f,,VALID,venäjä (Kazakstan),ryska (Kazakstan),Russian (Kazakhstan),,,,
si,319fd468-e6f7-42c1-8723-62b3414629b3,,VALID,sinhala,singalesiska,Sinhala,,,,
sk,c74d32ce-c6da-44a2-afe0-c5af0b59283c,,VALID,slovakki,slovakiska,Slovak,,,,
sv-SE,0ad5eac8-aab6-4dc4-8f19-6cdb3e7a45a9,,VALID,ruotsi (Ruotsi),svenska (Sverige),Swedish (Sweden),,,,
so-DJ,2609f8b9-96fe-41a3-a8ed-840a43b2dcb8,,VALID,somali (Djibouti),somaliska (Djibouti),Somali (Djibouti),,,,
saq-KE,5bb1af71-dbe0-45e5-9952-fb792b8c9c7e,,VALID,samburu (Kenia),samburu (Kenya),Samburu (Kenya),,,,
rwk,fe97faf6-4fb1-4823-aa9d-e05aa7bbc4df,,VALID,rwa,rwa,Rwa,,,,
sbp-TZ,a40ea19b-c122-46d2-b128-bab53900b07c,,VALID,sangu (Tansania),sangu (Tanzania),Sangu (Tanzania),,,,
sq-XK,011e379f-8456-4e09-a249-f497d3252771,,VALID,albania (Kosovo),albanska (Kosovo),Albanian (Kosovo),,,,
ru-UA,2bd97cea-8d08-4616-9636-d3e828005948,,VALID,venäjä (Ukraina),ryska (Ukraina),Russian (Ukraine),,,,
rof-TZ,3a67327f-a588-4734-9e1b-a0a18e742c0d,,VALID,rombo (Tansania),rombo (Tanzania),Rombo (Tanzania),,,,
sr-Latn-BA,f9b72494-3298-42e8-a7a3-7e7909e55d6d,,VALID,"serbia (latinalainen, Bosnia ja Hertsegovina)","serbiska (latinska, Bosnien och Hercegovina)","Serbian (Latin, Bosnia & Herzegovina)",,,,
rof,2ff9ca17-2379-4ca9-b51a-21bf946ed9fd,,VALID,rombo,rombo,Rombo,,,,
sr-Cyrl-ME,6f0e1dc3-efe8-43ea-afc4-a1b99c162d49,,VALID,"serbia (kyrillinen, Montenegro)","serbiska (kyrilliska, Montenegro)","Serbian (Cyrillic, Montenegro)",,,,
sw-TZ,3cc0e45f-cdfd-495e-8a76-94b15414345b,,VALID,swahili (Tansania),swahili (Tanzania),Swahili (Tanzania),,,,
so-SO,ab224356-3d64-4e29-9879-98127d5cc4ec,,VALID,somali (Somalia),somaliska (Somalia),Somali (Somalia),,,,
sk-SK,7f7ea853-7886-4c0d-b251-95fb57947802,,VALID,slovakki (Slovakia),slovakiska (Slovakien),Slovak (Slovakia),,,,
sr-Cyrl-XK,8f5ca189-fea1-4901-b131-6be6bdfbcd78,,VALID,"serbia (kyrillinen, Kosovo)","serbiska (kyrilliska, Kosovo)","Serbian (Cyrillic, Kosovo)",,,,
th,ad4cd55d-040c-4d4e-aefa-ba504d33ac62,,VALID,thai,thailändska,Thai,,,,
teo,38060e18-fe41-424f-a551-c0894ea2f867,,VALID,teso,teso,Teso,,,,
th-TH-u-nu-thai-x-lvariant-TH,a7608a52-29d6-4596-aff7-d44e62c0b342,,VALID,"thai (Thaimaa, TH, thainumerot)","thailändska (Thailand, TH, thailändska siffror)","Thai (Thailand, TH, Thai Digits)",,,,
ur-PK,e6bcbeba-17b3-44e7-b9e3-40cd8edebe6e,,VALID,urdu (Pakistan),urdu (Pakistan),Urdu (Pakistan),,,,
vun-TZ,81deb96a-0fe5-4c17-950b-06e51466bd28,,VALID,vunjo (Tansania),vunjo (Tanzania),Vunjo (Tanzania),,,,
uz-Cyrl,1ae711cb-60d8-4f5e-970a-41c93c532d74,,VALID,uzbekki (kyrillinen),uzbekiska (kyrilliska),Uzbek (Cyrillic),,,,
th-TH,b27b8e2b-df1c-44fd-8cbc-06bcba7ad21b,,VALID,thai (Thaimaa),thailändska (Thailand),Thai (Thailand),,,,
ta,43122188-e469-4bef-9cb3-6362077d4420,,VALID,tamili,tamil,Tamil,,,,
ug,bfb9ebfa-6df3-470c-8e97-6c0469d22b2a,,VALID,uiguuri,uiguriska,Uyghur,,,,
vo-001,ab4996e5-2993-43ab-874c-d3d5e573a1a3,,VALID,volapük (maailma),volapük (världen),Volapük (World),,,,
uz-UZ,cb72ca1d-c8c7-4b8b-b2ac-465d38c8ef2d,,VALID,uzbekki (Uzbekistan),uzbekiska (Uzbekistan),Uzbek (Uzbekistan),,,,
tr-TR,55901365-2d92-4915-95eb-a4871602031a,,VALID,turkki (Turkki),turkiska (Turkiet),Turkish (Turkey),,,,
uz-Arab,58eedf0e-6b8a-44af-8b3a-5103927195b2,,VALID,uzbekki (arabialainen),uzbekiska (arabiska),Uzbek (Arabic),,,,
vai-Latn,72817669-25ef-4d40-a327-9c0a753d17b7,,VALID,vai (latinalainen),vaj (latinska),Vai (Latin),,,,
zh-Hans-CN,d2b6e8fd-9276-46a6-b9d3-091700bf54a2,,VALID,"kiina (yksinkertaistettu han, Kiina)","kinesiska (förenklade, Kina)","Chinese (Simplified, China)",,,,
yo-BJ,7e17859c-2e66-4ac1-a03b-292f74584950,,VALID,joruba (Benin),yoruba (Benin),Yoruba (Benin),,,,
zh-Hans-HK,e03be419-955e-4b71-8705-44bfd3c4edb1,,VALID,"kiina (yksinkertaistettu han, Hongkong – Kiinan e.h.a.)","kinesiska (förenklade, Hongkong, S.A.R. Kina)","Chinese (Simplified, Hong Kong SAR China)",,,,
zh-Hans,9799e0a2-d60a-47ce-8475-4a5d64e9db09,,VALID,kiina (yksinkertaistettu han),kinesiska (förenklade),Chinese (Simplified),,,,
ast-ES,58b45ba2-8a4e-44e2-8164-c99cb4a07320,,VALID,asturia (Espanja),asturiska (Spanien),Asturian (Spain),,,,
bo-IN,f2c50264-50c5-4b20-9d31-70e5ce7095bb,,VALID,tiibet (Intia),tibetanska (Indien),Tibetan (India),,,,
ar-TD,f2f40bba-967d-41c4-88f1-2b749ab280ba,,VALID,arabia (Tšad),arabiska (Tchad),Arabic (Chad),,,,
be-BY,9f312a4a-25c7-45b8-bdc6-bda1024387cc,,VALID,valkovenäjä (Valko-Venäjä),vitryska (Vitryssland),Belarusian (Belarus),,,,
as,7bcab0fd-eac8-4095-9502-5d39bf456118,,VALID,assami,assamesiska,Assamese,,,,
az,e18bc55e-74d3-4cc3-9926-477e1c8809e6,,VALID,azeri,azerbajdzjanska,Azerbaijani,,,,
bm,020af67f-9c11-4328-8e80-2df42b2f5328,,VALID,bambara,bambara,Bambara,,,,
ar-MR,0f048ef0-abad-4bb7-838d-c4adc6756629,,VALID,arabia (Mauritania),arabiska (Mauretanien),Arabic (Mauritania),,,,
ar-EH,182cfb29-8a90-4eb0-adad-5bad8c504590,,VALID,arabia (Länsi-Sahara),arabiska (Västsahara),Arabic (Western Sahara),,,,
ar-SA,47223d98-e98e-4127-bbad-3362ec629379,,VALID,arabia (Saudi-Arabia),arabiska (Saudiarabien),Arabic (Saudi Arabia),,,,
agq-CM,31a960d5-3525-446a-84a8-af9e7eb122b4,,VALID,aghem (Kamerun),aghem (Kamerun),Aghem (Cameroon),,,,
ar-YE,33427362-4b63-46c1-afb3-8914bc5b5091,,VALID,arabia (Jemen),arabiska (Jemen),Arabic (Yemen),,,,
az-Cyrl,e7c2452c-ace0-4106-942f-c547309bfee9,,VALID,azeri (kyrillinen),azerbajdzjanska (kyrilliska),Azerbaijani (Cyrillic),,,,
ar-MA,23848300-c70f-4ec2-9ccf-7334a9cf582c,,VALID,arabia (Marokko),arabiska (Marocko),Arabic (Morocco),,,,
bs-BA,99a965ae-a860-4ff6-a5ee-6ca1793d4d8b,,VALID,bosnia (Bosnia ja Hertsegovina),bosniska (Bosnien och Hercegovina),Bosnian (Bosnia & Herzegovina),,,,
bo,29f639bd-01f4-4228-9a80-caf3a9d127b7,,VALID,tiibet,tibetanska,Tibetan,,,,
ar-BH,b72e5d52-df2a-459a-8c71-55121f9a668d,,VALID,arabia (Bahrain),arabiska (Bahrain),Arabic (Bahrain),,,,
ar-SY,cdafd440-0333-44ee-a2e5-ac167a506a46,,VALID,arabia (Syyria),arabiska (Syrien),Arabic (Syria),,,,
asa,92c1a2f6-9cc5-4e89-8f9e-e7b43e5f46fb,,VALID,asu,asu,Asu,,,,
bez-TZ,482be054-ee3f-4f75-a1fa-4f7746610616,,VALID,bena (Tansania),bena (Tanzania),Bena (Tanzania),,,,
ar-IQ,c6c27def-824d-432d-914d-cce19429c505,,VALID,arabia (Irak),arabiska (Irak),Arabic (Iraq),,,,
mn,711ffb2d-6244-4a1e-ab76-c4ccfefc4419,,VALID,mongoli,mongoliska,Mongolian,,,,
mua-CM,41726fea-c5f3-462c-b302-295f43437e81,,VALID,mundang (Kamerun),mundang (Kamerun),Mundang (Cameroon),,,,
mt-MT,ec6f9eee-ea42-4b25-8911-8dceeca7d467,,VALID,malta (Malta),maltesiska (Malta),Maltese (Malta),,,,
naq-NA,9dba1d7d-b8e1-4a37-8cad-c93b15da9293,,VALID,nama (Namibia),nama (Namibia),Nama (Namibia),,,,
ne,3173e858-e10f-44d1-900d-0049cd1cd1da,,VALID,nepali,nepalesiska,Nepali,,,,
nl-CW,f317e81f-73e2-4708-a612-c9eedb35a07c,,VALID,hollanti (Curaçao),nederländska (Curaçao),Dutch (Curaçao),,,,
mer-KE,1e1aab9b-4e51-4962-88cf-25fc558e11ec,,VALID,meru (Kenia),meru (Kenya),Meru (Kenya),,,,
nl-NL,00f71f8f-c684-4860-81c4-dd789dd00053,,VALID,hollanti (Alankomaat),nederländska (Nederländerna),Dutch (Netherlands),,,,
naq,0a9dc815-18d5-481e-8448-91cb44da913c,,VALID,nama,nama,Nama,,,,
nn-NO,98455df6-fbaf-4b79-b4d4-c0d671030330,,VALID,"norja (Norja, Nynorsk)","norska (Norge, Nynorsk)","Norwegian (Norway, Nynorsk)",,,,
ms-BN,6fc7d103-4c18-4f31-8280-9b92ad8b0796,,VALID,malaiji (Brunei),malajiska (Brunei),Malay (Brunei),,,,
ms-MY,0e4d4d1d-194d-44f1-aad9-96dea3a37441,,VALID,malaiji (Malesia),malajiska (Malaysia),Malay (Malaysia),,,,
mer,9ec3c3dd-fb76-4fe0-88f0-f4ae2786a585,,VALID,meru,meru,Meru,,,,
nd-ZW,09637275-dae0-4788-a061-1c62308fe575,,VALID,pohjois-ndebele (Zimbabwe),nordndebele (Zimbabwe),North Ndebele (Zimbabwe),,,,
en-ZM,0398779a-1c15-4ccc-88ea-d73915d21f8b,,VALID,englanti (Sambia),engelska (Zambia),English (Zambia),,,,
es-ES,22e95f3c-bbdb-428e-9be2-27016836a91d,,VALID,espanja (Espanja),spanska (Spanien),Spanish (Spain),,,,
fr-ML,eb8fee76-16bd-44e1-be94-d5c7bd47e9f1,,VALID,ranska (Mali),franska (Mali),French (Mali),,,,
en-IN,5bdf2131-39fd-4767-afa9-18653d4fee6b,,VALID,englanti (Intia),engelska (Indien),English (India),,,,
es-CU,9e201193-8f84-4dd4-932d-cd853a4ab18b,,VALID,espanja (Kuuba),spanska (Kuba),Spanish (Cuba),,,,
es-EC,102420d5-7e08-4682-93be-8e8107a77e19,,VALID,espanja (Ecuador),spanska (Ecuador),Spanish (Ecuador),,,,
fr-SY,8f5260d9-caa0-40f4-ab54-d396454f209e,,VALID,ranska (Syyria),franska (Syrien),French (Syria),,,,
en-MO,83906261-4477-4699-99ae-ded2b013df28,,VALID,"englanti (Macao – Kiinan e.h.a.)","engelska (Macao, S.A.R. Kina)","English (Macau SAR China)",,,,
fa-IR,f2ba9bb3-7285-4263-bfe8-e2d67f78a603,,VALID,farsi (Iran),persiska (Iran),Persian (Iran),,,,
fr-CI,d1640d15-90a9-4e7d-92ee-3690b8a15cda,,VALID,ranska (Norsunluurannikko),franska (Elfenbenskusten),French (Côte d’Ivoire),,,,
en-GY,167c9386-3980-41b1-9728-032445932957,,VALID,englanti (Guyana),engelska (Guyana),English (Guyana),,,,
fr-PF,785e4395-e721-4c83-af9d-67c5f2a3088a,,VALID,ranska (Ranskan Polynesia),franska (Franska Polynesien),French (French Polynesia),,,,
fr-RW,b310b153-8c16-43c3-85ef-7ada2e4756d2,,VALID,ranska (Ruanda),franska (Rwanda),French (Rwanda),,,,
en-PW,b3e892f4-63db-41f1-b03b-c37543f84061,,VALID,englanti (Palau),engelska (Palau),English (Palau),,,,
fr-CD,8013e1e0-dab9-4634-aa29-a68733763c16,,VALID,ranska (Kongon demokraattinen tasavalta),franska (Kongo-Kinshasa),French (Congo - Kinshasa),,,,
es-AR,b3657010-392e-455b-96c7-584e675cd425,,VALID,espanja (Argentiina),spanska (Argentina),Spanish (Argentina),,,,
es-NI,45179e03-6afa-48d9-83cd-3cf0009b3e1f,,VALID,espanja (Nicaragua),spanska (Nicaragua),Spanish (Nicaragua),,,,
en-IM,8c584ecc-6143-4cec-b5c0-c796cef9186b,,VALID,englanti (Mansaari),engelska (Isle of Man),English (Isle of Man),,,,
en-JM,0f35afe2-6c52-47f9-91d2-51e490e76de3,,VALID,englanti (Jamaika),engelska (Jamaica),English (Jamaica),,,,
en-MY,3ac2b6b6-1eda-4190-b78e-90aa7445c3a0,,VALID,englanti (Malesia),engelska (Malaysia),English (Malaysia),,,,
es-GQ,418ab6b5-e35d-455f-8c09-edc0a45c66c4,,VALID,espanja (Päiväntasaajan Guinea),spanska (Ekvatorialguinea),Spanish (Equatorial Guinea),,,,
en-NG,b25a7df1-aa66-44ff-a247-7f535bd31baa,,VALID,englanti (Nigeria),engelska (Nigeria),English (Nigeria),,,,
en-FJ,9fabbe8e-540b-4aba-b640-b57d3665b6ca,,VALID,englanti (Fidži),engelska (Fiji),English (Fiji),,,,
en-US,65e02f61-ee64-4097-8f20-b9a78472b80b,,VALID,englanti (Yhdysvallat),engelska (USA),English (United States),,,,
en-SD,e8f4fa01-6f04-4dfa-bf72-000857d039f7,,VALID,englanti (Sudan),engelska (Sudan),English (Sudan),,,,
fr-KM,586fb8ed-a018-4614-be58-ef7ec9a2e944,,VALID,ranska (Komorit),franska (Komorerna),French (Comoros),,,,
eo,a318d081-427a-4739-99a4-bcbcf75180b7,,VALID,esperanto,esperanto,Esperanto,,,,
en-NR,b73695a9-15e3-4e6a-ae32-638009c2b59f,,VALID,englanti (Nauru),engelska (Nauru),English (Nauru),,,,
ee-TG,d6a73937-3b87-477b-a1c1-d127c47adfb6,,VALID,ewe (Togo),ewe (Togo),Ewe (Togo),,,,
es-CR,6f0d1de7-a02a-4103-9674-f00a2f708c41,,VALID,espanja (Costa Rica),spanska (Costa Rica),Spanish (Costa Rica),,,,
fil-PH,8abb1e2d-d9a1-4cfb-bae6-b574dd2668e9,,VALID,filipino (Filippiinit),filippinska (Filippinerna),Filipino (Philippines),,,,
fr-TG,d7dc2c93-70c1-4344-b240-4bc8b2106a7f,,VALID,ranska (Togo),franska (Togo),French (Togo),,,,
en-VG,83cb2ee7-a63c-4d2f-a6d6-864cfbe20b89,,VALID,englanti (Brittiläiset Neitsytsaaret),engelska (Brittiska Jungfruöarna),English (British Virgin Islands),,,,
ff-SN,8b6fc6fd-89f4-4006-896a-eda2a365473a,,VALID,fulani (Senegal),fulani (Senegal),Fulah (Senegal),,,,
en-VU,5032c593-de4f-4e7f-a324-a872ad6324a1,,VALID,englanti (Vanuatu),engelska (Vanuatu),English (Vanuatu),,,,
en-GI,cec9f84f-e443-4076-a385-d81343c6b65a,,VALID,englanti (Gibraltar),engelska (Gibraltar),English (Gibraltar),,,,
eo-001,ac01ed88-6f4b-46d7-bd8f-f56d5b002392,,VALID,esperanto (maailma),esperanto (världen),Esperanto (World),,,,
en-SE,9a2102e0-b5b9-4570-8fcc-1183c2c50e30,,VALID,englanti (Ruotsi),engelska (Sverige),English (Sweden),,,,
en-MS,e07fe142-b8a3-40fe-99e1-876e0d6a2894,,VALID,englanti (Montserrat),engelska (Montserrat),English (Montserrat),,,,
en-IL,07342d76-a227-4d4e-88eb-ccc7061c6b0e,,VALID,englanti (Israel),engelska (Israel),English (Israel),,,,
en-AU,97761c85-5498-4f8e-9865-23c3cb7d45a0,,VALID,englanti (Australia),engelska (Australien),English (Australia),,,,
es-PA,fa21111a-f8cb-44b5-9832-54ddff1347d2,,VALID,espanja (Panama),spanska (Panama),Spanish (Panama),,,,
fur-IT,0ec8109f-7c65-4cc2-a0b8-8b503f9273d3,,VALID,friuli (Italia),friulianska (Italien),Friulian (Italy),,,,
ewo,4c47f83c-581c-4d56-ac33-54714e5adf87,,VALID,ewondo,ewondo,Ewondo,,,,
fa,8ecae46a-d1e5-4284-93a1-af819ca12beb,,VALID,farsi,persiska,Persian,,,,
fr-GN,8e014eca-58d9-4467-9f2f-cac7d30235df,,VALID,ranska (Guinea),franska (Guinea),French (Guinea),,,,
fi,beda08b1-c3ac-4e82-af4b-cb269d36eaf9,,VALID,suomi,finska,Finnish,,,,
en-BE,b7c1a1bc-3717-4fd5-8e79-f2d5e7e1dfea,,VALID,englanti (Belgia),engelska (Belgien),English (Belgium),,,,
fr-CM,4b097498-1623-46a7-9662-80d10e51ab58,,VALID,ranska (Kamerun),franska (Kamerun),French (Cameroon),,,,
es,7f5809b4-87ae-464e-aabb-4a572dd72641,,VALID,espanja,spanska,Spanish,,,,
gsw-LI,15bc0637-ba3b-41c4-9ecf-65006f16e0cf,,VALID,sveitsinsaksa (Liechtenstein),schweizertyska (Liechtenstein),Swiss German (Liechtenstein),,,,
ha,27dd6224-9571-4128-ad9f-5434c4ec6c3a,,VALID,hausa,hausa,Hausa,,,,
ha-NE,32fc0172-acfa-461b-8793-c89ff6b7fcab,,VALID,hausa (Niger),hausa (Niger),Hausa (Niger),,,,
he,76916ed8-6b84-47fc-bd10-6a98b3c51e82,,VALID,heprea,hebreiska,Hebrew,,,,
gsw-FR,4730cdcc-f15d-4596-9324-6c85a318fdc3,,VALID,sveitsinsaksa (Ranska),schweizertyska (Frankrike),Swiss German (France),,,,
gv,11f0f5da-8fd6-45a4-97dd-ef1dbd268e8b,,VALID,manksi,manx,Manx,,,,
gl-ES,e0330521-3326-42d3-b5d2-1d9107deea9f,,VALID,galicia (Espanja),galiciska (Spanien),Galician (Spain),,,,
gv-IM,b8639d84-9e18-465e-be16-8f428d21fed7,,VALID,manksi (Mansaari),manx (Isle of Man),Manx (Isle of Man),,,,
guz,69adc8a0-a994-4d8f-88c4-4779758f3974,,VALID,gusii,gusii,Gusii,,,,
gd,82a227b0-042a-4bc2-a879-1b670576e1b6,,VALID,gaeli,skotsk gäliska,Scottish Gaelic,,,,
ii-CN,d460e7f8-9ac5-43c5-9283-fb56c7527adb,,VALID,sichuanin-yi (Kiina),szezuan i (Kina),Sichuan Yi (China),,,,
haw-US,80e38ba1-b108-46df-a5db-3500b87dbda4,,VALID,havaiji (Yhdysvallat),hawaiiska (USA),Hawaiian (United States),,,,
hi,af3aee28-9f3e-4083-b6c0-b217fa0c3de0,,VALID,hindi,hindi,Hindi,,,,
id-ID,660a27e5-29de-405d-871a-23edc85f8cde,,VALID,indonesian (Indonesia),indonesiska (Indonesien),Indonesian (Indonesia),,,,
de-CH,f03e0c94-54dd-4b03-918c-f3803f92ccfc,,VALID,saksa (Sveitsi),tyska (Schweiz),German (Switzerland),,,,
ckb-IR,9f0304d0-071e-42a2-a8b5-d4e521f24e85,,VALID,sorani (Iran),soranisk kurdiska (Iran),Central Kurdish (Iran),,,,
de-DE,8400b1ec-127a-4b7e-94ed-4d1cdc23d2d8,,VALID,saksa (Saksa),tyska (Tyskland),German (Germany),,,,
dua-CM,ff350f05-d15f-471a-929c-453536cad0cd,,VALID,duala (Kamerun),duala (Kamerun),Duala (Cameroon),,,,
cs-CZ,eded7f98-78ed-4e71-a528-5f654f3f2a42,,VALID,tšekki (Tšekki),tjeckiska (Tjeckien),Czech (Czech Republic),,,,
kkj-CM,e91bca0c-4352-422b-bc71-df4e167a27ab,,VALID,kako (Kamerun),mkako (Kamerun),Kako (Cameroon),,,,
ksb-TZ,fad40d68-71c3-4ce1-85ac-9d1a400b99f7,,VALID,shambala (Tansania),kisambaa (Tanzania),Shambala (Tanzania),,,,
luy,c1ab95df-e67e-4acb-98c5-13c610607df2,,VALID,luhya,luhya,Luyia,,,,
ky-KG,d4519b48-3cd9-4851-bd09-644217ad9436,,VALID,kirgiisi (Kirgisia),kirgisiska (Kirgizistan),Kyrgyz (Kyrgyzstan),,,,
kn-IN,6530399c-3cc5-4e66-9af3-80e4bfefc591,,VALID,kannada (Intia),kannada (Indien),Kannada (India),,,,
kk-KZ,ae516ac3-2da2-42b7-992e-70a576c69dca,,VALID,kazakki (Kazakstan),kazakiska (Kazakstan),Kazakh (Kazakhstan),,,,
lt,938a29de-ac00-434a-ba21-6771ecf9bd99,,VALID,liettua,litauiska,Lithuanian,,,,
luo-KE,285eccec-b55b-4f44-8b83-6312d1eb6ab8,,VALID,luo (Kenia),luo (Kenya),Luo (Kenya),,,,
kln,6cadb6b0-62f6-4ef6-b35c-b892c8185659,,VALID,kalenjin,kalenjin,Kalenjin,,,,
ko-KP,2d0bc8b0-c414-417a-8497-d70eef1c811a,,VALID,korea (Pohjois-Korea),koreanska (Nordkorea),Korean (North Korea),,,,
kkj,47eb2bf8-fca0-4235-b42a-9d864a5a4926,,VALID,kako,mkako,Kako,,,,
khq-ML,d5fa6556-72aa-45ce-83dd-59962fc75efc,,VALID,koyra chiini (Mali),Timbuktu-songhoy (Mali),Koyra Chiini (Mali),,,,
ko-KR,fbefe1d2-133f-4662-a9d7-e3ddd9cd22ed,,VALID,korea (Etelä-Korea),koreanska (Sydkorea),Korean (South Korea),,,,
lu,b05b6eb0-20f5-4b48-851d-db22f0920e9d,,VALID,katanganluba,luba-katanga,Luba-Katanga,,,,
lg-UG,9b65eb99-36e1-4f2f-b88f-e647f30352f8,,VALID,ganda (Uganda),luganda (Uganda),Ganda (Uganda),,,,
khq,b16bf360-8c3b-42fe-932d-2e32a804584f,,VALID,koyra chiini,Timbuktu-songhoy,Koyra Chiini,,,,
ps,a4dd5735-4d58-456e-8ad9-02c8065502f6,,VALID,paštu,afghanska,Pashto,,,,
pt-BR,cef060d1-0ee9-4196-b6b5-205945e02cfd,,VALID,portugali (Brasilia),portugisiska (Brasilien),Portuguese (Brazil),,,,
pa-Guru,a0b3a260-cf8e-4eca-a2ee-317b4cc3cd77,,VALID,pandžabi (gurmukhi),punjabi (gurmukhi),Punjabi (Gurmukhi),,,,
pt-TL,d600698d-e80a-47c6-afda-79aba148c863,,VALID,portugali (Itä-Timor),portugisiska (Östtimor),Portuguese (Timor-Leste),,,,
pt-PT,25938fdb-f737-4508-b4f4-162d340c06cc,,VALID,portugali (Portugali),portugisiska (Portugal),Portuguese (Portugal),,,,
ps-AF,85a6142b-d6ad-42d9-b72f-29c038cd8265,,VALID,paštu (Afganistan),afghanska (Afghanistan),Pashto (Afghanistan),,,,
sg,85624832-14a2-4805-a901-751eb19edbda,,VALID,sango,sango,Sango,,,,
shi-Latn,ffa38208-0564-41ca-a5b3-05285c61940b,,VALID,tašelhit (latinalainen),tachelhit (latinska),Tachelhit (Latin),,,,
sr-ME,6deaa178-2030-4a7a-95d6-9fd81f0eb7ef,,VALID,serbia (Montenegro),serbiska (Montenegro),Serbian (Montenegro),,,,
sr,afbd5151-5ab7-41bc-98d3-402dee0a7c85,,VALID,serbia,serbiska,Serbian,,,,
sah,81d4d32d-d63b-446c-bfe9-78b59c5a2f3d,,VALID,jakuutti,jakutiska,Sakha,,,,
sr-CS,937003ea-e961-42af-886e-33ef864a7a7b,,VALID,serbia (Serbia and Montenegro),serbiska (Serbien och Montenegro),Serbian (Serbia and Montenegro),,,,
ro,b404eed5-1fca-40a6-b250-a04b4215c855,,VALID,romania,rumänska,Romanian,,,,
sl,5e40f4b3-53d9-4fa3-b130-68fae2dea36b,,VALID,sloveeni,slovenska,Slovenian,,,,
qu-PE,7d0d112f-2f1d-41d0-a3c5-00cf0ea41f41,,VALID,ketšua (Peru),quechua (Peru),Quechua (Peru),,,,
rw,9d8dbac4-8fc6-43c8-8be8-3655c8e79a0c,,VALID,ruanda,kinjarwanda,Kinyarwanda,,,,
rn,7efee9f2-4852-4842-99fa-52912c9a9712,,VALID,rundi,rundi,Rundi,,,,
so-ET,180ed33d-ccf3-4312-9339-5da7fa2eb8d4,,VALID,somali (Etiopia),somaliska (Etiopien),Somali (Ethiopia),,,,
shi-Tfng,0b36cdd7-ad81-4dc0-9148-237d4375cea7,,VALID,tašelhit (tifinagh),tachelhit (tifinaghiska),Tachelhit (Tifinagh),,,,
shi-MA,fa6a3550-3acb-4355-9745-0c974aa0105a,,VALID,tašelhit (Marokko),tachelhit (Marocko),Tachelhit (Morocco),,,,
rn-BI,ff3c3f7b-b745-429e-a5f8-4b49fb24a6a1,,VALID,rundi (Burundi),rundi (Burundi),Rundi (Burundi),,,,
sr-Latn-XK,7117379f-750e-4a7f-81ea-85fa52429556,,VALID,"serbia (latinalainen, Kosovo)","serbiska (latinska, Kosovo)","Serbian (Latin, Kosovo)",,,,
sr-RS,702507ec-41b0-4f9b-bc1b-9a90ca42e031,,VALID,serbia (Serbia),serbiska (Serbien),Serbian (Serbia),,,,
sw-CD,674d8a7d-7229-4f0b-b675-7ea1b633d24c,,VALID,swahili (Kongon demokraattinen tasavalta),swahili (Kongo-Kinshasa),Swahili (Congo - Kinshasa),,,,
shi-Latn-MA,24539e49-c27b-4a54-93b8-b753248cdbab,,VALID,"tašelhit (latinalainen, Marokko)","tachelhit (latinska, Marocko)","Tachelhit (Latin, Morocco)",,,,
ru-KG,23ac85b1-14be-487e-b38c-ee0b612ec117,,VALID,venäjä (Kirgisia),ryska (Kirgizistan),Russian (Kyrgyzstan),,,,
vai-LR,daac8079-00ac-4bb4-91d4-b1bf4bd59dca,,VALID,vai (Liberia),vaj (Liberia),Vai (Liberia),,,,
und,e52f4483-99ab-4fd4-8f9c-b4eee6f2690e,,VALID,,,,,,,
ur-IN,826c0b3b-bde6-41b1-8994-9ebdd9d0caad,,VALID,urdu (Intia),urdu (Indien),Urdu (India),,,,
uz-AF,23e6443c-f77f-4a40-a7fa-89f9010f930d,,VALID,uzbekki (Afganistan),uzbekiska (Afghanistan),Uzbek (Afghanistan),,,,
ti-ET,dab85812-5256-4397-b1b7-cef98dfd427e,,VALID,tigrinja (Etiopia),tigrinja (Etiopien),Tigrinya (Ethiopia),,,,
vai-Latn-LR,6eb68a9c-9fac-44aa-aa2b-7526acda73c6,,VALID,"vai (latinalainen, Liberia)","vaj (latinska, Liberia)","Vai (Latin, Liberia)",,,,
tk,09c6bb7f-2062-475e-b590-87129dea7526,,VALID,turkmeeni,turkmeniska,Turkmen,,,,
twq,eef430f4-44ed-4413-aaac-6a5deb0f65fa,,VALID,tasawaq,tasawaq,Tasawaq,,,,
uk,ccd1101e-02c9-4b8c-b87f-86e61805b38e,,VALID,ukraina,ukrainska,Ukrainian,,,,
zh-TW,a778936e-5525-4e82-af68-e67639ef4dbe,,VALID,kiina (Taiwan),kinesiska (Taiwan),Chinese (Taiwan),,,,
zh-Hans-MO,3b86f944-739c-4c0f-804e-9b7dea8f5bf4,,VALID,"kiina (yksinkertaistettu han, Macao – Kiinan e.h.a.)","kinesiska (förenklade, Macao, S.A.R. Kina)","Chinese (Simplified, Macau SAR China)",,,,
zu,746d9d11-022d-4145-a6f9-ecabdf833cfe,,VALID,zulu,zulu,Zulu,,,,
zh-HK,70b9f4f1-00da-413c-8407-344a6f7e81b8,,VALID,"kiina (Hongkong – Kiinan e.h.a.)","kinesiska (Hongkong, S.A.R. Kina)","Chinese (Hong Kong SAR China)",,,,
zh-Hant,8a5d7b21-6d29-4b8d-8e38-bc072522dc38,,VALID,kiina (perinteinen han),kinesiska (traditionella),Chinese (Traditional),,,,
yi-001,3a86bbfe-f102-4356-9db5-1d5ec4e78aa6,,VALID,yiddish (maailma),jiddish (världen),Yiddish (World),,,,
hy-AM,f2abd097-197b-4439-8a08-b32f660dde8f,,VALID,armenia (Armenia),armeniska (Armenien),Armenian (Armenia),,,,
gl,d891c794-723d-4462-beca-e1979964a138,,VALID,galicia,galiciska,Galician,,,,
gu-IN,20a4c383-67e9-437c-af90-664213c8e8b9,,VALID,gudžarati (Intia),gujarati (Indien),Gujarati (India),,,,
hu-HU,291df9e3-e540-4109-a8cc-d63a7c0d1ace,,VALID,unkari (Unkari),ungerska (Ungern),Hungarian (Hungary),,,,
gsw,f111ec81-b1db-4895-a711-40bb8dd3f7f6,,VALID,sveitsinsaksa,schweizertyska,Swiss German,,,,
hr,baa987b0-eead-435c-aea6-a3d66b7ddcaa,,VALID,kroatia,kroatiska,Croatian,,,,
asa-TZ,dff74439-518b-4f54-ad26-1568a6b06d22,,VALID,asu (Tansania),asu (Tanzania),Asu (Tanzania),,,,
bm-ML,07b8c775-6ac3-478e-b409-97db77c74631,,VALID,bambara (Mali),bambara (Mali),Bambara (Mali),,,,
bem-ZM,24924de5-8fb4-4736-8f64-83f8e741af01,,VALID,bemba (Sambia),bemba (Zambia),Bemba (Zambia),,,,
bs-Latn,2d67b2e4-d258-4d11-84b5-cea0a8e329f0,,VALID,bosnia (latinalainen),bosniska (latinska),Bosnian (Latin),,,,
as-IN,80f3a362-607b-4571-ad07-e1a7ec888bd4,,VALID,assami (Intia),assamesiska (Indien),Assamese (India),,,,
bs-Latn-BA,ee8a42af-9bfa-4883-8cf6-b69810100242,,VALID,"bosnia (latinalainen, Bosnia ja Hertsegovina)","bosniska (latinska, Bosnien och Hercegovina)","Bosnian (Latin, Bosnia & Herzegovina)",,,,
ar,8aeae4ea-60f8-4b75-a96e-540866901856,,VALID,arabia,arabiska,Arabic,,,,
bem,51acdf3e-9355-4080-aad1-f0f821f56ca7,,VALID,bemba,bemba,Bemba,,,,
bs-Cyrl,8f212da6-d78d-4ba7-9790-cd9c524bccd6,,VALID,bosnia (kyrillinen),bosniska (kyrilliska),Bosnian (Cyrillic),,,,
be,53a704b8-7960-47a5-a790-1fc7eab9fcdf,,VALID,valkovenäjä,vitryska,Belarusian,,,,
ar-JO,5a65148b-b83c-439f-8ffe-10615620ee0b,,VALID,arabia (Jordania),arabiska (Jordanien),Arabic (Jordan),,,,
bn-BD,df16d25f-49c4-4a24-b701-dc37bc69724c,,VALID,bengali (Bangladesh),bengali (Bangladesh),Bengali (Bangladesh),,,,
pa-Arab-PK,26b5f37f-709a-4266-8c03-cdfc6ed597da,,VALID,"pandžabi (arabialainen, Pakistan)","punjabi (arabiska, Pakistan)","Punjabi (Arabic, Pakistan)",,,,
pt-GW,76edf4f9-a945-48a0-a7bc-8ca6e9757607,,VALID,portugali (Guinea-Bissau),portugisiska (Guinea-Bissau),Portuguese (Guinea-Bissau),,,,
os-GE,2d05ba3c-a9c3-4175-bfbb-c41d9c3bbc3e,,VALID,osseetti (Georgia),ossetiska (Georgien),Ossetic (Georgia),,,,
pl-PL,57027259-519d-442f-b467-d351ae5c551a,,VALID,puola (Puola),polska (Polen),Polish (Poland),,,,
pa,ad9f383f-41d6-43a0-af94-e4ee7e371b5c,,VALID,pandžabi,punjabi,Punjabi,,,,
pa-Arab,a075a261-203a-4786-9d47-1b473421da8b,,VALID,pandžabi (arabialainen),punjabi (arabiska),Punjabi (Arabic),,,,
qu-BO,c9f75316-75cf-475d-ac15-955e728a9ac7,,VALID,ketšua (Bolivia),quechua (Bolivia),Quechua (Bolivia),,,,
en-MT,0fef396e-ecc3-4fad-bbe4-c06d47f92809,,VALID,englanti (Malta),engelska (Malta),English (Malta),,,,
en-HK,6510cde0-73c0-4d6a-b295-dc4831f80d6b,,VALID,"englanti (Hongkong – Kiinan e.h.a.)","engelska (Hongkong, S.A.R. Kina)","English (Hong Kong SAR China)",,,,
et,8ac77943-8bfe-454e-8ad7-9835f92720e5,,VALID,viro,estniska,Estonian,,,,
en-KY,cfe29e8b-1916-4e0f-b73e-b281a581c6ca,,VALID,englanti (Caymansaaret),engelska (Caymanöarna),English (Cayman Islands),,,,
en-GB,588b065c-d49d-4b2b-a5d3-fcbe7b4bd219,,VALID,englanti (Iso-Britannia),engelska (Storbritannien),English (United Kingdom),,,,
en-TC,7efaa42b-8aa6-4129-be20-6e235fbbb644,,VALID,englanti (Turks- ja Caicossaaret),engelska (Turks- och Caicosöarna),English (Turks & Caicos Islands),,,,
fy-NL,bcdecfa7-b71e-4386-8e9f-f111ac586dd9,,VALID,länsifriisi (Alankomaat),västfrisiska (Nederländerna),Western Frisian (Netherlands),,,,
fo-FO,0597ecf8-f81b-4318-bb01-4f89562dcb1d,,VALID,fääri (Färsaaret),färöiska (Färöarna),Faroese (Faroe Islands),,,,
fr-PM,e932c21b-685c-4309-b498-cad9b92acf17,,VALID,ranska (Saint-Pierre ja Miquelon),franska (S:t Pierre och Miquelon),French (St. Pierre & Miquelon),,,,
en-VI,a522aa04-5319-4c0c-83a1-90643bdf7291,,VALID,englanti (Yhdysvaltain Neitsytsaaret),engelska (Amerikanska Jungfruöarna),English (U.S. Virgin Islands),,,,
en-MG,fb986aba-2542-4e0a-a945-c1e58dc6a2ad,,VALID,englanti (Madagaskar),engelska (Madagaskar),English (Madagascar),,,,
en-NU,60aa3151-fd94-4a54-9d41-ff519e65b656,,VALID,englanti (Niue),engelska (Niue),English (Niue),,,,
en-PR,3e00c559-3b03-4147-92dd-983d65fd5a4f,,VALID,englanti (Puerto Rico),engelska (Puerto Rico),English (Puerto Rico),,,,
en-SS,0d8bdc70-3c80-4d1e-92d7-ead775d4e05b,,VALID,englanti (Etelä-Sudan),engelska (Sydsudan),English (South Sudan),,,,
fr-NC,2cf587ca-f58b-450d-9a16-98a51a090e64,,VALID,ranska (Uusi-Kaledonia),franska (Nya Kaledonien),French (New Caledonia),,,,
es-MX,e3859a7f-de31-4aa2-a2de-b06f265fc38a,,VALID,espanja (Meksiko),spanska (Mexiko),Spanish (Mexico),,,,
en-NA,cdd7d7d4-4eaa-42ef-b864-dd094013f8af,,VALID,englanti (Namibia),engelska (Namibia),English (Namibia),,,,
en-SB,4488f789-7af6-447e-8281-3a07348cb813,,VALID,englanti (Salomonsaaret),engelska (Salomonöarna),English (Solomon Islands),,,,
fr-BE,69837978-f575-4f3e-888d-d51d4ec56cb6,,VALID,ranska (Belgia),franska (Belgien),French (Belgium),,,,
fi-FI,71108ea1-3348-491e-adc9-02a22f38c595,,VALID,suomi (Suomi),finska (Finland),Finnish (Finland),,,,
es-419,606c9a75-d3fb-4ef0-a850-90e828523dd6,,VALID,espanja (Latinalainen Amerikka),spanska (Latinamerika),Spanish (Latin America),,,,
fr-VU,e3cd5579-f93f-42b4-a6e1-d18c6ba7663e,,VALID,ranska (Vanuatu),franska (Vanuatu),French (Vanuatu),,,,
en-LS,8ddd74aa-0fcd-4c2e-b0d2-4b67300e8187,,VALID,englanti (Lesotho),engelska (Lesotho),English (Lesotho),,,,
en-NL,722be519-6c97-4924-949a-de77a7988d3b,,VALID,englanti (Alankomaat),engelska (Nederländerna),English (Netherlands),,,,
en-SX,395c31e6-a41d-46e5-835d-3a65959a94b0,,VALID,englanti (Sint Maarten),engelska (Sint Maarten),English (Sint Maarten),,,,
en,1cc15c8d-256e-4235-b1cc-071e5b750a08,,VALID,englanti,engelska,English,,,,
es-CL,92a52189-bd0a-4dbf-ad5b-040f2ae43966,,VALID,espanja (Chile),spanska (Chile),Spanish (Chile),,,,
en-FM,41ff5f58-1cf8-4ad3-9a05-69ddaf8f5d4f,,VALID,englanti (Mikronesian liittovaltio),engelska (Mikronesien),English (Micronesia),,,,
en-VC,46775416-cc1c-43f5-bd01-224133ec2614,,VALID,englanti (Saint Vincent ja Grenadiinit),engelska (S:t Vincent och Grenadinerna),English (St. Vincent & Grenadines),,,,
en-CH,f3d28c29-ab72-4253-aa61-aeee11ba088e,,VALID,englanti (Sveitsi),engelska (Schweiz),English (Switzerland),,,,
en-GD,e4fd9001-abcf-4092-b591-21cde4005304,,VALID,englanti (Grenada),engelska (Grenada),English (Grenada),,,,
en-SZ,7bcf30cd-f459-403a-9967-893609f3d5ee,,VALID,englanti (Swazimaa),engelska (Swaziland),English (Swaziland),,,,
en-TT,40ce9501-7107-4cfd-a933-ffeead259986,,VALID,englanti (Trinidad ja Tobago),engelska (Trinidad och Tobago),English (Trinidad & Tobago),,,,
fo-DK,1c114511-e1bc-400a-a54b-d8bc05608036,,VALID,fääri (Tanska),färöiska (Danmark),Faroese (Denmark),,,,
es-US,13265d6e-7f44-49fd-9bea-bd55f1161851,,VALID,espanja (Yhdysvallat),spanska (USA),Spanish (United States),,,,
en-SG,648ae43c-97fc-4549-b81a-0f6bde853892,,VALID,englanti (Singapore),engelska (Singapore),English (Singapore),,,,
en-CM,4dac35d4-51fb-4ac9-b458-81edaac8633c,,VALID,englanti (Kamerun),engelska (Kamerun),English (Cameroon),,,,
en-FI,2a455bfa-6e79-4ce7-a038-3ac2066d8dbe,,VALID,englanti (Suomi),engelska (Finland),English (Finland),,,,
en-NZ,77f41bf0-8db3-459b-b544-c437ed543ff4,,VALID,englanti (Uusi-Seelanti),engelska (Nya Zeeland),English (New Zealand),,,,
nnh,68794e31-a550-4faf-a638-1bffe9b13320,,VALID,ngiemboon,bamileké-ngiemboon,Ngiemboon,,,,
mgo-CM,8d7105ee-1a2b-4c4e-923d-8fbb377b16e4,,VALID,meta’ (Kamerun),meta’ (Kamerun),Metaʼ (Cameroon),,,,
nb-SJ,d4f5ffee-1127-45a3-9208-78afbd98c1db,,VALID,norjan bokmål (Huippuvuoret ja Jan Mayen),norskt bokmål (Svalbard och Jan Mayen),Norwegian Bokmål (Svalbard & Jan Mayen),,,,
mr,ae2a1408-6813-4aae-8949-016253c6ecb7,,VALID,marathi,marathi,Marathi,,,,
nyn,7d2c0584-b559-4c01-9870-bd7566617d8d,,VALID,nyankole,nyankole,Nyankole,,,,
mr-IN,f03ce49d-3f0e-475f-b1c6-1258c9728712,,VALID,marathi (Intia),marathi (Indien),Marathi (India),,,,
nl-SR,f0d4ab2c-0d51-4b1b-97da-643f903c21fe,,VALID,hollanti (Surinam),nederländska (Surinam),Dutch (Suriname),,,,
nl-SX,4ec031e0-4ee0-4ed9-b1fb-9ff5357cc7eb,,VALID,hollanti (Sint Maarten),nederländska (Sint Maarten),Dutch (Sint Maarten),,,,
nnh-CM,a6103a7b-6e5b-4345-b6bc-71f55db07dd1,,VALID,ngiemboon (Kamerun),bamileké-ngiemboon (Kamerun),Ngiemboon (Cameroon),,,,
mzn,a85b02b3-f305-4f64-984d-3970fd2e35c6,,VALID,mazandarani,mazanderani,Mazanderani,,,,
nl,7e53efc3-87ed-4f40-9c25-ac0cba0d7fe7,,VALID,hollanti,nederländska,Dutch,,,,
mzn-IR,ae5284bf-b328-4c29-b536-9de28c54f2c6,,VALID,mazandarani (Iran),mazanderani (Iran),Mazanderani (Iran),,,,
luy-KE,0c711ba5-df44-4519-921d-f7c8233cb5f9,,VALID,luhya (Kenia),luhya (Kenya),Luyia (Kenya),,,,
mgh,a128a340-a4b0-4509-8c6a-c515c4b5f0f8,,VALID,makua-meetto,makhuwa-meetto,Makhuwa-Meetto,,,,
ki-KE,3134d01c-6516-40fd-b8df-0163d812da6b,,VALID,kikuju (Kenia),kikuyu (Kenya),Kikuyu (Kenya),,,,
kde-TZ,02607b01-4926-4bb4-aa7f-92a07a7cad61,,VALID,makonde (Tansania),makonde (Tanzania),Makonde (Tanzania),,,,
lrc-IR,db3c65a5-ba13-4a6b-b3ee-41aa2ccb99ea,,VALID,pohjoisluri (Iran),nordluri (Iran),Northern Luri (Iran),,,,
kw-GB,8127fa4c-ba7b-4a40-a286-2fe34535b079,,VALID,korni (Iso-Britannia),korniska (Storbritannien),Cornish (United Kingdom),,,,
ks-IN,976ef84e-26eb-4d2c-bfca-2ee6a8a563e0,,VALID,kašmiri (Intia),kashmiriska (Indien),Kashmiri (India),,,,
ko,fba197e8-7dde-4f53-ad45-9db51a62c090,,VALID,korea,koreanska,Korean,,,,
kk,1198201b-c2da-409e-b37d-55d096fd1b49,,VALID,kazakki,kazakiska,Kazakh,,,,
lrc,0f33c3fe-b5fa-43e9-a4fd-009ccdea9088,,VALID,pohjoisluri,nordluri,Northern Luri,,,,
ksh-DE,a2075272-fea2-4fc5-ad98-5eecae31bd16,,VALID,kölsch (Saksa),kölniska (Tyskland),Colognian (Germany),,,,
cu,bbd61470-1d2b-4c66-b830-63fcd317a66f,,VALID,kirkkoslaavi,kyrkslaviska,Church Slavic,,,,
de-LU,e2fce4de-9bf5-4da3-b8ac-3529711fa472,,VALID,saksa (Luxemburg),tyska (Luxemburg),German (Luxembourg),,,,
ca,5cb387cf-b226-4fc6-90e1-e6284143151e,,VALID,katalaani,katalanska,Catalan,,,,
ce,5930a485-351a-427a-8b04-c0367efc3fb5,,VALID,tšetšeeni,tjetjenska,Chechen,,,,
dje,05585ecb-722a-46c0-ab65-f1365df0eb36,,VALID,djerma,zarma,Zarma,,,,
cgg-UG,259580ca-9e69-4b36-b6ff-5639b3c89bb9,,VALID,kiga (Uganda),chiga (Uganda),Chiga (Uganda),,,,
ses-ML,613a1d78-025b-4246-bb11-9460d6fd16e2,,VALID,koyraboro senni (Mali),Gao-songhay (Mali),Koyraboro Senni (Mali),,,,
so,5e9188db-b3da-455c-b951-9fd4514df166,,VALID,somali,somaliska,Somali,,,,
sr-BA,e4daea8b-e390-4a05-8276-db216c867bb6,,VALID,serbia (Bosnia ja Hertsegovina),serbiska (Bosnien och Hercegovina),Serbian (Bosnia & Herzegovina),,,,
se,0089a23c-0d96-428b-be43-0a91dfe335f1,,VALID,pohjoissaame,nordsamiska,Northern Sami,,,,
sah-RU,b449347a-8994-4a19-bc29-85d67d94aaf6,,VALID,jakuutti (Venäjä),jakutiska (Ryssland),Sakha (Russia),,,,
sr-Cyrl,cd41b3fd-ca23-4eaa-a019-591ace33a38b,,VALID,serbia (kyrillinen),serbiska (kyrilliska),Serbian (Cyrillic),,,,
se-FI,e4bfe0b1-17e8-468e-831e-853834aeb13b,,VALID,pohjoissaame (Suomi),nordsamiska (Finland),Northern Sami (Finland),,,,
smn-FI,4bc98ee6-5110-427c-9592-a842b7d3e228,,VALID,inarinsaame (Suomi),enaresamiska (Finland),Inari Sami (Finland),,,,
so-KE,22b01c6a-04fd-479f-83b7-d8a577c02b7a,,VALID,somali (Kenia),somaliska (Kenya),Somali (Kenya),,,,
uz-Arab-AF,ab0a5d32-78d9-448e-b6dc-619c47dfd74f,,VALID,"uzbekki (arabialainen, Afganistan)","uzbekiska (arabiska, Afghanistan)","Uzbek (Arabic, Afghanistan)",,,,
te-IN,dde34163-d241-4deb-b952-14de172e2eb4,,VALID,telugu (Intia),telugiska (Indien),Telugu (India),,,,
tzm,5f074aba-525c-4da1-a732-5149e34480f6,,VALID,keskiatlaksentamazight,centralmarockansk tamazight,Central Atlas Tamazight,,,,
uk-UA,3f099fcb-691a-4e76-8c62-f6efad247239,,VALID,ukraina (Ukraina),ukrainska (Ukraina),Ukrainian (Ukraine),,,,
wae,5ebde1c7-5d16-4612-aba7-9a047578f3f7,,VALID,walser,walsertyska,Walser,,,,
ti,373570ee-3cb4-444f-8014-af599a61f604,,VALID,tigrinja,tigrinja,Tigrinya,,,,
to-TO,cb4dc67a-e36f-4400-aea1-48bd269ea018,,VALID,tonga (Tonga),tonganska (Tonga),Tongan (Tonga),,,,
wae-CH,d0516927-ea99-4743-91de-62866dcc3e80,,VALID,walser (Sveitsi),walsertyska (Schweiz),Walser (Switzerland),,,,
ta-LK,bc02566a-5d77-43e2-9aeb-1ca1f13be435,,VALID,tamili (Sri Lanka),tamil (Sri Lanka),Tamil (Sri Lanka),,,,
uz-Cyrl-UZ,1043ac03-fda8-4d0a-b7db-903f80777204,,VALID,"uzbekki (kyrillinen, Uzbekistan)","uzbekiska (kyrilliska, Uzbekistan)","Uzbek (Cyrillic, Uzbekistan)",,,,
vai-Vaii-LR,22cff0a3-a801-4f6f-81f3-a8ff1d55dd66,,VALID,"vai (vailainen, Liberia)","vaj (vaj, Liberia)","Vai (Vai, Liberia)",,,,
zh-Hant-TW,a4488110-99c7-421d-902f-69097a3bf598,,VALID,"kiina (perinteinen han, Taiwan)","kinesiska (traditionella, Taiwan)","Chinese (Traditional, Taiwan)",,,,
zgh-MA,3aab8833-4aef-4d64-b536-12310d680d6f,,VALID,vakioitu tamazight (Marokko),marockansk standard-tamazight (Marocko),Standard Moroccan Tamazight (Morocco),,,,
yue-HK,26fc9f3b-eaff-4886-800d-7112645f5ecb,,VALID,kantoninkiina (Hongkong – Kiinan e.h.a.),"kantonesiska (Hongkong, S.A.R. Kina)",Cantonese (Hong Kong SAR China),,,,
yav-CM,49aa2c60-7f7b-42d9-a22c-e4f07bd9b210,,VALID,yangben (Kamerun),yangben (Kamerun),Yangben (Cameroon),,,,
yi,367af995-cf3b-4d01-a4ac-c251eb5ac3f1,,VALID,yiddish,jiddish,Yiddish,,,,
xog-UG,8e377751-8191-4abc-9fe7-84d4ab1a4bce,,VALID,soga (Uganda),lusoga (Uganda),Soga (Uganda),,,,