CODEVALUE,ID,STATUS,PREFLABEL_FI,DESCRIPTION_FI,SHORTNAME,HIERARCHYLEVEL,STARTDATE,ENDDATE
01,f20fce33-0420-4f5b-b1f9-b52d0e73765e,VALID,Yleinen julkishallinto,,,,2001-01-01,
011,aa38e8cb-ddb3-4d9c-a468-b5c86adcc720,VALID,"Toimeenpano- ja lainsäädäntöelimet, finanssi- ja veroasiat, ulkoasiainhallinto",,,,2001-01-01,
0111,82f8f542-0cc5-4d4f-a34a-d9eb2707daaa,VALID,Toimeenpano- ja lainsäädäntöelimet,"Toimeenpanevien ja lakiasäätävien elinten hoitaminen, toiminta tai tukeminen.

Tähän luetaan:
- toimeenpanevien viranomaisten kansliat hallinnon kaikilla tasoilla: presidentin, pääministerin, valtioneuvoston, läänien, kaupunkien ja kuntien kansliat
- lakiasäätävät elimet kaikilla hallinnon tasoilla: parlamentit, edustajainhuoneet, kaupungin- ja kunnanvaltuustot jne.
- toimeenpanevien ja lakiasäätävien viranomaisten kanslioiden hallinnollinen ja avustava henkilöstö mukaan lukien poliittiset avustajat
- kirjastot ym. lukusalipalvelut, jotka palvelevat pääasiallisesti lainsäädäntö- ja toimeenpanoelimiä
- em. elimille sekä niiden avustajille tarkoitetut tilat, välineet ja tarvikkeet ym.
toimeenpanevien ja lakiasäätävien elinten asettamat pysyvät tai ad hoc valiokunnat, komiteat ja työryhmät.

Tähän ei lueta: ministeriöiden eikä kuntien tai kaupunkien hallintokuntien kanslioita, hallinnon sisäisiä komiteoita jne., jotka liittyvät tiettyyn tehtäväalueeseen tai tehtävään. Nämä luokitellaan tehtävän mukaan.",,,2001-01-01,
0112,69c1a888-caca-4d43-b265-461e41fbe646,VALID,Finanssi- ja veroasiat,"- Finanssi- ja veroasioiden hallinto; julkisten varojen ja julkisen velan hoito; verotusjärjestelmien toiminta
- valtiokonttorin ja valtiovarainministeriön toiminta (tulo- ja menoarvio-osaston toiminta, veroista ja maksuista kertyvien valtiovarain hallinto), tulliviranomaisten toiminta, kirjanpito ja tilintarkastus
- finanssi- sekä veroasioita ja -palveluita koskeva yleinen tietojen tuotanto ja jakelu, tekninen dokumentointi ja tilastointi.

Tähän luetaan: finanssi- sekä veroasioiden hoito ja -palvelut kaikilla julkisen hallinnon tasoilla.

Tähän ei lueta: valtion ottamien lainojen korkoja (01.7) eikä pankkitarkastusta (04.1.1) tai merkintä- tai emissiomaksuja tai korkoja.",,,2001-01-01,
0113,0eb2b5e1-02c1-4f9c-a7de-33b0e086f7ee,VALID,Ulkoasiainhallinto,"Ulkoasiainhallinto ja -palvelut; ulkoasiainministeriön sekä Suomen edustustojen ja konsulaattien toiminta ulkomailla tai kansainvälisten järjestöjen yhteydessä 
tieto- ja kulttuuripalvelut ja niiden tukeminen yli kansallisten rajojen; ulkomailla sijaitsevien kirjastojen, lukusalien yms. toiminta
säännölliset jäsen- ja muut maksut kansainvälisille järjestöille niiden yleisten toimintakulujen kattamiseksi; myös vastaavat ei-säännölliset erityisavustukset.

Tähän ei lueta:
- taloudellista apua kehitysmaille ja transitiomaille (01.2.1)
- ulkomailla toimivia taloudellisia avustusvaltuuskuntia (01.2.1)
- avustuksia kansainvälisten tai alueellisten organisaatioiden avustusohjelmille (01.2.2)
- ulkomaille komennettuja sotilaallisia yksiköitä (02.1.1)
- yleisiä ulkomaantalouteen ja -kauppaan liittyviä asioita (04.1.1)
matkailuasioita ja -palveluita (04.7.3).",,,2001-01-01,
012,49cdf545-53dd-407f-8b22-3cd9e105e231,VALID,Talousapu ulkomaille,,,,2001-01-01,
0121,6f5e8f4d-7cb7-42f8-98cb-827abf10b985,VALID,Talousapu kehitys- ja transitiomaille,"- Kehitysmaiden ja transitiomaiden kanssa tehdyn taloudellisen yhteistyön hallinto
ulkomailla toimivien avustusvaltuuskuntien toiminta
-  teknisten avustusohjelmien, koulutusohjelmien, sekä stipendi- ja apurahajärjestelmien toiminta ja tukeminen
- taloudellinen apu rahana tai palveluna avustuksen tai lainan muodossa; riippumatta velotetuista korkomaksuista.

Tähän ei lueta:
- avustuksia kansainvälisten tai alueellisten organisaatioiden taloudellisiin kehitysrahastoihin (01.2.2)
- osallistumista siviili- ja sotilaalliseen kriisinhallintaan (02.3).",,,2001-01-01,
0122,11d2a40a-18a9-4af8-b1b9-99839f056128,VALID,Kansainvälisten järjestöjen kautta ohjattu talousapu,"Kansainvälisten järjestöjen kautta ohjatun taloudellisen avun hallinto
avustukset rahana tai palveluna kansainvälisten, alueellisten tai monikansallisten organisaatioiden taloudellisille kehitysrahastoille.

Tähän ei lueta: osallistumista kansainvälisiin rauhanturvaamisoperaatioihin (02.3).",,,2001-01-01,
013,221d2e7c-590b-4192-94ee-edca00e0022e,VALID,Yleiset hallintopalvelut,,,,2001-01-01,
0131,3745e343-16dc-4c96-ab81-764877e8bab6,VALID,Yleinen henkilöstöhallinto,"Yleinen henkilöstöhallinto mukaan luettuna yleisen henkilöstöpolitiikan ja henkilöstöasioiden kehittäminen ja toimeenpano, kuten valinta-, ylennys- ja arviointimenetelmät, tehtävien kuvaaminen, arviointi ja luokittelu sekä virkamieslainsäädännön ja vastaavanlaisten asioiden hallinto.

Tähän ei lueta: käytännön henkilöstöhallintoa ja -palveluita (jotka luokitellaan tehtävän mukaan).",,,2001-01-01,
0132,835dc7d9-9028-4a57-9f79-95ffe5260fa7,VALID,Yleiset suunnittelu- ja tilastopalvelut,"Taloudelliset ja yhteiskunnalliset tilastopalvelut; tilastotoimen yleinen hallinto ja koordinointi; yleisten taloudellisten suunnitelmien ja ohjelmien laadinta, koordinointi ja seuranta.

Tähän ei lueta: tiettyyn tehtävään liittyviä taloudellisia ja sosiaalisia suunnittelu- ja tilastopalveluita (jotka luokitellaan tehtävän mukaan).",,,2001-01-01,
0133,d8796721-15c4-44b5-9b56-8cfef9cdc433,VALID,Muut yleiset hallintopalvelut,"- Muut yleiset hallintopalvelut, kuten keskitetyt hankinta- ja ostopalvelut 
- julkisen hallinnon rekistereiden ja arkistojen ylläpito
- julkisen hallinnon omistamien tai hallinnoimien rakennusten hoito; ajoneuvojen - keskusvarikoiden ja julkisen hallinnon painatustoimistojen palvelut sekä keskitetysti hoidettavat tietokone- ja tietojenkäsittelypalvelut jne. 

Tähän ei lueta: tiettyyn tehtävään liittyviä muita yleisiä hallinnollisia palveluita (jotka luokitellaan tehtävän mukaan).",,,2001-01-01,
014,47f7b9b8-e2f2-4b3e-9b2b-abd66ec3adc5,VALID,Perustutkimus,,,,2001-01-01,
0140,22eaa8e8-33c7-4991-b624-84a3354d4600,VALID,Perustutkimus,"Perustutkimusta tekevien julkisen hallinnon yksiköiden hallinto ja toiminta
avustukset, lainat ja tuet tutkimuslaitoksille, yliopistoille ja muille julkisen hallinnon ulkopuolisille yksiköille perustutkimukseen.

Tähän ei lueta: soveltavaa tutkimusta ja kokeellista kehittämistä (jotka luokitellaan tehtävän mukaan).",,,2001-01-01,
015,686ebd13-ee23-43c4-8cf6-3e19f5364c82,VALID,Yleisen julkishallinnon tutkimus ja kehittäminen,,,,2001-01-01,
0150,71b10287-1c5c-47b8-a5a2-f5d74a14e5b2,VALID,Yleisen julkishallinnon tutkimus ja kehittäminen,"- Julkishallintoon liittyvää soveltavaa tutkimusta ja kokeellista kehittämistä tekevien julkisen hallinnon yksiköiden hallinto ja toiminta
- avustukset, lainat ja tuet tutkimuslaitoksille, yliopistoille ja muille julkisen hallinnon ulkopuolisille yksiköille soveltavaan tutkimukseen ja kokeelliseen kehittämiseen.

Tähän ei lueta: perustutkimusta (01.4).",,,2001-01-01,
016,bec5d8e6-f30c-404b-ac9d-35465d98957f,VALID,Muut yleisen julkishallinnon palvelut,,,,2001-01-01,
0160,f9317578-c03d-4b13-b595-4f7a9f72b660,VALID,Muut yleisen julkishallinnon palvelut,"- Yleisten hallinnollisten palveluiden hallinto, toiminta ja tukeminen ml. vaalien ja kansanäänestysten järjestäminen jne.

Tähän luetaan: sellaiset yleiset hallintopalvelut, joita ei voida lukea edellä oleviin ryhmiin (01.1)-(01.5) eikä julkisen velan hoidon (01.7) taloustoimiin eikä yleisluontoisiin siirtoihin hallinnon eri tasojen välillä (01.08). 

Tähän ei lueta: 
- julkisen velan hoitoon liittyviä taloustoimia (01.7)
- yleisluontoisia siirtoja julkisen hallinnon eri tasojen välillä (01.8).",,,2001-01-01,
017,6af93f28-2ae6-45e1-ab90-7fd3097adb8b,VALID,Julkisen velan hoitoon liittyvät taloustoimet,,,,2001-01-01,
0170,c5eb16d5-c449-47c2-b309-12b2dbec93c4,VALID,Julkisen velan hoitoon liittyvät taloustoimet,"Korkojen maksut ja julkisen hallinnon lainojen merkinnästä ja liikkeelle laskemisesta aiheutuneet kulut.

Tähän ei lueta: julkisen velan hoitoon liittyviä hallinnollisia kustannuksia (01.1.2).",,,2001-01-01,
018,f9957416-9812-40fb-b7f3-c360f54cd9cd,VALID,Hallinnon eri tasojen väliset yleisluontoiset siirrot,,,,2001-01-01,
0180,3b08f023-a160-45e3-90f8-b520f9349f91,VALID,Hallinnon eri tasojen väliset yleisluontoiset siirrot,"Julkisen hallinnon eri tasojen väliset siirrot, joita ei kohdenneta tietylle tehtävälle.",,,2001-01-01,
02,8ebb6d13-bf9f-4d6e-b913-a46a1a5cf712,VALID,Puolustus,,,,2001-01-01,
021,7150915b-8970-4cb3-9b70-a24b1a9efb4e,VALID,Sotilaspuolustus,,,,2001-01-01,
0210,e3e52117-f5dc-4f44-85fa-94ede66864d9,VALID,Sotilaspuolustus,"- Puolustusvoimien hallinto ja sotilaallisen puolustuskyvyn ylläpitäminen: maa-, meri- ja ilmavoimien toiminta
- tekniikkaan, kuljetukseen, viestintään, tiedusteluun, henkilöstöasioihin ja muiden varsinaiseen taistelutoimintaan osallistumattomien puolustusvoimien yksiköiden toiminta; joukkosidontapaikat sotaharjoituksissa yms.
- puolustuslaitoksen reservin toiminta tai tukeminen.
- puolustusvoimien kiinteistövarallisuuden hallinto (hankinta, vuokraaminen, hoito)

Tähän luetaan:
- ulkomailla sijaitsevien sotilasasiamiesten toimistot
- kiinteät kenttäsairaalat ja lääkintätoimen kärkenä toimivat telttasairaalat (vain sotatilan aikana).

Tähän ei lueta:
- sotilaallisia avustusvaltuuskuntia (02.3)
- varuskuntasairaaloita eikä keskussotilassairaalaa (07.3)
- sotilasmuusikkokoulutusta, sotakorkeakoulua, kadettikoulua, puolustusvoimien lentäjäkoulutusta eikä sotilasalueella sijaitsevia muita oppilaitoksia yms. joiden opetusohjelma on vastaavanlainen kuin siviilioppilaitoksilla, vaikka pääsy sotilasoppilaitoksiin olisikin rajattu sotilashenkilöstölle ja heidän perheilleen (09.1)- (09.4)
- sotilashenkilöstön eläkejärjestelmiä (10.2).
- Lapuan patruunatehtaan onnettomuuden korvauksia ja vastaavia (10.1, 10.3).",,,2001-01-01,
022,fe9e3e99-736f-4832-9edf-e11d158a2774,VALID,Siviilipuolustus,,,,2001-01-01,
0220,cb1d8f98-c6a0-49bf-8ef4-2ea2dd703d99,VALID,Siviilipuolustus,"- Siviilipuolustusasioiden ja -palveluiden hallinto
- valmiussuunnitelmien laadinta; vapaaehtoinen maanpuolustustoiminta, siviililaitoksia ja -väestöä koskevien harjoitusten järjestäminen; huoltovarmuuskeskuksen toiminta.

Tähän ei lueta:
- siviilisuojelujärjestelmiä (03.2)
- elintarvikkeiden, laitteiden ja muiden tarvikkeiden ostamista sekä varastoimista hätätapauksia varten käytettäväksi rauhan ajan katastrofeissa (10.9).",,,2001-01-01,
023,1dec6eb1-a540-44cc-b57f-dafd7e175949,VALID,Sotilasapu ulkomaille,,,,2001-01-01,
0230,7c06d731-537c-43ee-86e4-257af90d0dc2,VALID,Sotilasapu ulkomaille,"- Ulkomaille sijoitettujen tai kansainvälisten sotilasorganisaatioiden tai sotilaallisten liittoutumien yhteyteen liitettyjen sotilaallisten avustusvaltuuskuntien toiminta
- sotilasapu rahana tai palveluna avustuksen tai lainan muodossa (riippumatta maksetusta korosta) tai laitteiden lainauksen muodossa
- YK:n ja ETYJin rauhanturvaamistoiminta: sotilastarkkailijat, valmiusjoukot ja rauhanturvajoukot
- muu kansainvälinen yhteistyö, kuten Naton rauhankumppanuus, humanitäärinen miinanraivaus yms.",,,2001-01-01,
024,1385c218-b091-424e-a491-c18c71cf69ab,VALID,Puolustustoiminnan tutkimus ja kehittäminen,,,,2001-01-01,
0240,8c148375-a9db-409e-89a5-54e964c01053,VALID,Puolustustoiminnan tutkimus ja kehittäminen,"- Puolustustoimintaan liittyvää soveltavaa tutkimusta ja kokeellista kehittämistä tekevien julkisen hallinnon yksiköiden hallinto ja toiminta
- avustukset, lainat ja tuet tutkimuslaitoksille, yliopistoille ja muille julkisen hallinnon ulkopuolisille yksiköille puolustustoimintaan liittyvään soveltavaan tutkimukseen ja kokeelliseen kehittämiseen.

Tähän ei lueta: perustutkimusta (01.4).",,,2001-01-01,
025,8be8704a-e240-4c40-9d5b-fd1357af0595,VALID,"Puolustus, muualla luokittelematon",,,,2001-01-01,
0250,8fa5a012-8af0-4697-b594-534cf99fbf20,VALID,"Puolustus, muualla luokittelematon","- Puolustustoimintaan liittyvän yleispolitiikan suunnittelu, tilausvaltuudet tiedustelun, valvonnan, johtamisen yms. ylläpitämiseksi
- puolustustoimintaa koskevan lainsäädännön ja standardien valmistelu sekä toimeenpano
- puolustustoimintaan liittyvän yleisen informaation, teknisen dokumentoinnin ja tilastojen tuotanto sekä jakelu jne.

Tähän luetaan: puolustusasiat ja -palvelut, joita ei voida lukea edellä mainittuihin ryhmiin (02.1)-(02.4).

Tähän ei lueta: sotaveteraaniasioiden hallintoa (10.2).",,,2001-01-01,
03,f21f52a1-778e-4947-94a5-2937250c0384,VALID,Yleinen järjestys ja turvallisuus,,,,2001-01-01,
031,b3c94151-dd08-43c2-af4f-3b0d8bdcaec8,VALID,Poliisitoimi,,,,2001-01-01,
0310,2023d0c4-f47a-41b8-ace4-300c8cba8d46,VALID,Poliisitoimi,"Poliisiasiat ja palvelut: yleiseen järjestykseen ja turvallisuuteen liittyvät asiat, rikosten torjunta ja lupapalvelut mukaan lukien:
- pidätysrekistereiden ylläpito ja poliisityöhön liittyvien tilastojen laatiminen; 
poliisilaboratorioiden toiminta, poliisikoulutus
- ulkomaalaisviraston toiminta: Suomen kansalaisuutta koskevat asiat: oleskelu- ja työluvat, turvapaikkahakemukset, kiintiöpakolaisten valinta, maasta karkottaminen yms.:
- liikenneturvallisuus ja liikennevalvonta;
- passi- ja muut lupa-asiat
- salakuljetuksen estäminen
- rannikko- ja valtamerikalastuksen valvonta
- rajavartiolaitoksen toiminta: rajavalvonta ja pelastustoiminta, rannikkovartiointi ja meriliikenteen valvonta
- tullivalvonta: luvattoman tuonnin ja viennin ehkäiseminen; lähtevien ja saapuvien tavaroiden tarkastus.

Tähän luetaan: liikennevalvojat.

Tähän ei lueta: sellaista poliisiopistojen ohjelmia, jotka tarjoavat yleistä koulutusta poliisikoulutuksen lisäksi (09.1), (09.2), (09.3) tai (09.4).",,,2001-01-01,
032,c5f6132d-c437-45cf-ae73-c554f0e17c8a,VALID,Palo- ja pelastustoimi,,,,2001-01-01,
0320,f30ba1a0-0757-42e9-a487-0ebde73a8e07,VALID,Palo- ja pelastustoimi,"- Paloturvallisuus ja palontorjunta-asiat
- julkisten viranomaisten ylläpitämien vakinaisten ja apupalokuntien toiminta sekä muiden palonehkäisy ja -torjuntapalveluiden hoitaminen
- palonehkäisyä ja -torjuntaa koskevat koulutusohjelmat ja niiden tukeminen
ydinturvallisuusvalvonta (Säteilyturvakeskus) sekä pelastustoimet ja evakuointi tulva-alueilla.

Tähän luetaan: uimarantojen valvonta yms.

Tähän ei lueta:
- siviilipuolustusta (02.2)
- metsäpalojen torjuntaan ja ehkäisemiseen erityisesti koulutettujen ja varustettujen joukkojen toimintaa (04.2.2).",,,2001-01-01,
033,b5fc4c3d-7c8c-4c09-970e-71363a82c69e,VALID,Tuomioistuinlaitos,,,,2001-01-01,
0330,b7f86d79-7e3c-485f-bc78-ac698e45d236,VALID,Tuomioistuinlaitos,"Siviili- ja rikostuomioistuimien sekä oikeusjärjestelmien hallinto, toiminta tai tukeminen, mukaan luettuna tuomioistuinten langettamien sakkojen ja oikeudellisten ratkaisujen toimeenpano sekä ehdonalais- ja koeaikajärjestelmien toiminta
- julkisen hallinnon tai sen määräämien muiden tahojen oikeudellinen edustaminen ja neuvonta, sekä rahana että palveluina.

Tähän luetaan: hallintotuomioistuimet, oikeusasiamiehet jne.

Tähän ei lueta: vankilahallintoa (03.4).",,,2001-01-01,
034,e1260075-26cd-4d2d-8532-64e1685e201b,VALID,Vankilalaitos,,,,2001-01-01,
0340,2f36a6b3-1b67-47d2-b8f0-9e65a12f93d6,VALID,Vankilalaitos,"Rikollisten pidätykseen tai kuntoutukseen tarkoitettujen vankiloiden, vankilamaatilojen, työtupien, nuorisovankiloiden, kasvatuslaitosten, vankimielisairaaloiden jne. hallinto, toiminta ja tukeminen.",,,2001-01-01,
035,b4cc618b-b3be-4cd9-88be-8a13276868b0,VALID,Yleiseen järjestykseen ja turvallisuuteen liittyvä tutkimus ja kehittäminen,,,,2001-01-01,
0350,2d5712d0-1520-493f-9669-7c72412e517a,VALID,Yleiseen järjestykseen ja turvallisuuteen liittyvä tutkimus ja kehittäminen,"- Yleiseen järjestykseen ja turvallisuuteen liittyvää soveltavaa tutkimusta ja kokeellista kehittämistä tekevien julkisen hallinnon yksiköiden hallinto ja toiminta
- avustukset, lainat ja tuet tutkimuslaitoksille, yliopistoille ja muille julkisen hallinnon ulkopuolisille yksiköille yleiseen järjestykseen ja turvallisuuteen liittyvään soveltavaan tutkimukseen ja kokeelliseen kehittämiseen.

Tähän ei lueta: perustutkimusta (01.4).",,,2001-01-01,
036,e1252b7c-a24c-43ae-bf0e-5a35f901c713,VALID,"Yleinen järjestys ja turvallisuus, muualla luokittelematon",,,,2001-01-01,
0360,3c4a3bc7-9545-42c5-9c31-232d435762f1,VALID,"Yleinen järjestys ja turvallisuus, muualla luokittelematon","- Yleiseen järjestykseen ja turvallisuuteen liittyvien toimintalinjojen, suunnitelmien, ohjelmien ja budjettien laadinta, hallinto, koordinointi ja seuranta tai niiden tukeminen
- yleistä järjestystä ja turvallisuutta koskevan lainsäädännön ja vaatimusten valmistelu sekä toimeenpano
- vaarallisten aineiden kuljetukseen ja varastointiin liittyvät valvonta-, lupa- ym. tehtävät.
- Yleiseen järjestykseen ja turvallisuuteen liittyvän yleisen informaation, teknisen dokumentoinnin ja tilastojen tuotanto sekä jakelu.

Tähän luetaan: yleistä järjestystä ja turvallisuutta koskevat asiat ja palvelut, joita ei voida lukea ryhmiin (03.1)-(03.5).",,,2001-01-01,
04,d7409e99-4eac-410a-918e-956d3644f69d,VALID,Elinkeinoelämään liittyvät asiat,,,,2001-01-01,
041,f41028e9-9643-4150-a881-b9fd4dad2a73,VALID,Yleiset talouteen ja kauppaan liittyvät tehtävät sekä työvoimapalvelut,,,,2001-01-01,
0411,94849ec5-6e19-4de2-ac28-95a2ac387c99,VALID,Yleiset taloudelliset ja kaupalliset asiat,"Yleisten taloutta ja kauppaa koskevien asioiden sekä palveluiden hallinto mukaan luettuna yleiset ulkomaankauppa-asiat
- yleisen talous- ja kauppapolitiikan suunnittelu ja toimeenpano
- yhteistyö eri hallinnonalojen sekä julkisen hallinnon ja elinkeinoelämän välillä.

Yleisten talous- ja kauppapoliittisten toimien säätely tai tukeminen liittyen mm.
- vienti- ja tuontikauppaan kokonaisuutena
- hyödyke- ja arvopaperimarkkinoihin
- yleiseen tulopolitiikkaan
- kaupan yleiseen edistämiseen 
- monopoleihin ja muihin kaupan esteisiin sekä markkinoille pääsyyn jne.
- pankkitoiminnan valvontaan.

Patentteihin, tavaramerkkeihin, tekijänoikeuksiin, standardeihin ja yritysten rekisteröintiin liittyvien asioiden hoito ja hallinto 
- sääennusteiden, hydrologisten ja geodeettisten mittausten jne. kanssa tekemisissä olevien laitosten toiminta tai niiden tukeminen.

Avustukset, lainat tai yritystuet yleisen talous- tai kauppapolitiikan ja -ohjelmien edistämiseksi.

Tähän luetaan:  
- kuluttajavalistus ja kuluttajansuojelu
- kehitysennusteiden tekeminen 

Tähän ei lueta: tietyn toimialan taloudellisia ja kaupallisia asioita [jotka luokitellaan soveltuviin ryhmiin (04.2)-(04.7)].",,,2001-01-01,
0412,a3d33757-0b5c-4a15-8239-507634dafad8,VALID,Yleiset työvoima-asiat,"Yleisten työvoima-asioiden ja -palveluiden hallinto
- yleisen työvoimapolitiikan suunnittelu ja toimeenpano
- työolosuhteiden valvonta ja säätely (työajat, palkat, turvallisuus jne.)
-  yhteistyö eri hallinnonalojen välillä sekä hallinnon ja yleisten toimiala-, kaupan- ja ammatillisten järjestöjen välillä.

Työvoiman liikkuvuutta koskevat yleiset ohjelmat ja toimenpiteet tai järjestelmien - toiminta tai niiden tukeminen mm.
- sukupuoli-, rotu-, ikä- yms. syrjinnän poistaminen
- yleiset ohjelmat ja toimenpiteet työllisyyden edistämiseksi
- työnvälitystoiminta; työkiistojen yms. välityspalvelujen toiminta tai tukeminen.

Yleisiä työvoima-asioita ja palveluita koskevien yleisinformaation, teknisen dokumentoinnin ja tilastojen tuotanto ja jakelu.

Avustukset, lainat ja yritystuet yleisen työvoimapolitiikan ja työvoimapoliittisten ohjelmien edistämiseksi.

Tähän ei lueta:
- tietyn toimialan työvoima-asioita [jotka luokitellaan soveltuviin ryhmiin (04.2)-(04.7)]
- sosiaaliturvaa raha- tai luontoismuotoisina avustuksina työttömille (10.5).",,,2001-01-01,
042,3978353c-c890-4267-a205-032c941051c4,VALID,"Maa-, metsä-, kala- ja riistatalous",,,,2001-01-01,
0421,d1d9cd04-8b08-4250-a5f3-3fe633d1cbda,VALID,Maatalous,"Maatalousasioiden ja -palveluiden hallinto; viljelysmaan säilyttäminen, parantaminen tai laajentaminen; maatalousuudistukset ja asutustoiminta; maataloustoimialan valvonta ja säännökset
- tulvien valvontajärjestelmien sekä kastelu- ja ojitusjärjestelmien rakentaminen ja toiminta, mukaan luettuna niitä varten myönnetyt avustukset, lainat ja tuet
- maatalouden hintojen ja tulojen vakauttamis- tai parantamisohjelmien ja -järjestelmien toiminta tai tukeminen
- maatilojen toiminnan tukeminen: laajennukset, eläinlääkintäpalvelut, tuhoeläinten torjuntapalvelut, sadontarkastus- ja luokittelupalvelut. 
- Maatalousasioita ja -palveluita koskevien yleisinformaation, teknisen dokumentoinnin ja tilastojen tuotanto sekä jakelu

Maataloustoimintaan liittyvät korvaukset, avustukset, lainat tai yritystuet maanviljelijöille, mukaan luettuna maksut tietyn sadon rajoittamiseksi, tuotannon rohkaisemiseksi tai maan kesannoimiseksi.

Tähän ei lueta: monia tarkoituksia palvelevia kehittämisprojekteja (04.7.4).",,,2001-01-01,
0422,91f0f83d-4282-4bd9-bdab-0399aeb5b000,VALID,Metsätalous,"Metsätalousasioiden ja -palveluiden hallinto, valvonta ja säädökset
metsävarojen säilyttäminen, laajentaminen ja järkiperäinen hyväksikäyttö; puunkaatolupien myöntäminen.
- metsätalouden toiminnan tukeminen: laajennukset, uudelleen metsitys, tuholaisten ja tautien sekä metsäpalojen torjuntaan ja ehkäisyyn liittyvät palvelut.

Metsätalousasioita ja -palveluita koskevien yleisinformaation, teknisen dokumentoinnin ja tilastojen tuotanto sekä jakelu

Avustukset, lainat tai yritystuet kaupallisille metsätaloustoiminnoille.

Tähän luetaan: metsätalouden sadot puutavaran lisäksi.",,,2001-01-01,
0423,469b089d-7ea3-4bbd-b6e8-5e4194721052,VALID,Kala- ja riistatalous,"Luokkaan kuuluu ammattikalastus ja -metsästys sekä urheilukalastus ja -metsästys. Seuraavat kalastus- ja metsästysasiat ja palvelut koskevat toimintoja, jotka tapahtuvat luonnonpuistojen ja -reservaattien ulkopuolella.

- Metsästys- ja kalastusasioiden ja -palveluiden hallinto
- kalakannan sekä luonnon eläinkantojen suojelu; kasvatus, istutus yms. järkiperäinen hyväksikäyttö
- makean veden kalastuksen, rannikkokalastuksen, valtamerikalastuksen, kalanviljelyn sekä metsästyksen valvonta ja säätely; kalastus- ja metsästyslupien myöntäminen
- kalanviljelylaitosten toiminnan tukeminen: laajennukset, kalanistutus, lajittelu jne.

- Kalastusta ja metsästystä koskevien yleisinformaation, teknisen dokumentoinnin ja tilastojen tuotanto sekä jakelu.

- Avustukset, lainat tai yritystuet kaupallisille kala- ja riistataloustoiminnoille, mukaan luettuna kalanviljelylaitosten rakentaminen tai toiminta.

Tähän ei lueta:
- rannikko- ja valtamerikalastuksen valvontaa (03.1)
- luonnonpuistojen ja reservaattien toimintaa ja niiden tukemista (05.4).",,,2001-01-01,
043,d0ef28de-e98c-41c0-9a0f-f373e448509d,VALID,Polttoaine- ja energiahuolto,,,,2001-01-01,
0431,51dd8444-1b2f-4179-ac3a-cf0ea2f2411c,VALID,Kivihiili ja muut kiinteät kivennäispolttoaineet,"Kaikenlaiset kivihiili- ja ruskohiilipolttoaineet riippumatta menetelmästä, jolla ne on louhittu tai jalostettu sekä näiden polttoaineiden muuntaminen muuhun muotoon kuten koksiksi tai kaasuksi 
- kiinteitä mineraalipolttoaineita koskevien asioiden ja palveluiden hallinto
- kiinteiden mineraalipolttoainevarojen säilyttäminen, etsintä, kehittäminen ja järkiperäinen hyväksikäyttö
- kiinteiden mineraalipolttoaineiden louhinnan, käsittelyn, jakelun ja käytön valvonta ja säätely.

Kiinteitä mineraalipolttoaineita koskevien yleisinformaation, teknisen dokumentoinnin ja tilastojen tuotanto sekä jakelu. 

Avustukset, lainat tai yritystuet kiinteitä mineraalipolttoaineita sekä koksia, prikettejä tai teollista kaasua valmistaville teollisuudenaloille.

Tähän luetaan: 
- turvepolttoaineet (jotka ovat hitaasti uusiutuvia ei-fossiilisia polttoaineita)
- hiilestä peräisin oleva masuunikaasu ja vastaavat. 

Tähän ei lueta: kiinteiden mineraalipolttoaineiden kuljetukseen liittyviä asioita (jotka luokitellaan soveltuviin ryhmän 04.5 luokkiin).",,,2001-01-01,
0432,bcd217d1-3387-4025-81d8-9b69afe7367b,VALID,Raakaöljy ja maakaasu,"Maakaasun ja öljyperäisten kaasujen varastointi ja jakelu ym. 
- raakaöljyä ja maakaasua koskevien asioiden ja palveluiden hallinto
- raakaöljy- ja maakaasuvarojen säilyttäminen, etsintä, jalostaminen ja järkiperäinen hyväksikäyttö
- raakaöljyn ja maakaasun jalostusta, jakelua ja käyttöä koskeva valvonta ja säätely.

Raakaöljyä ja maakaasua koskevien yleisinformaation, teknisen dokumentoinnin ja tilastojen tuotanto sekä jakelu.

Avustukset, lainat tai yritystuet öljynporaus- ja raakaöljyn jalostusteollisuudelle.

Tähän ei lueta: raakaöljyn ja kaasun kuljetukseen liittyviä asioita (luokitellaan soveltuviin ryhmän 04.5 luokkiin).",,,2001-01-01,
0433,f80999c4-ef36-440e-a8c5-3ffa2adc6886,VALID,Ydinpolttoaine,"Ydinpolttoainetta koskevien asioiden ja palveluiden hallinto
- ydinainevarojen säilyttäminen, etsintä, jalostaminen ja järkiperäinen hyväksikäyttö
- ydinpolttoaineiden louhinnan ja jalostuksen sekä ydinpolttoaine-elementtien valmistuksen, jakelun ja käytön valvonta ja säätely.

Ydinpolttoaineita koskevien yleisinformaation, teknisen dokumentoinnin ja tilastojen tuotanto sekä jakelu

Avustukset, lainat tai yritystuet ydinpolttoaineiden jalostusteollisuudelle.

Tähän ei lueta:
- ydinpolttoaineiden kuljetukseen liittyviä asioita (jotka luokitellaan soveltuvaan ryhmän 04.5 luokkaan)
- radioaktiivisten jätteiden käsittelyä (05.1).",,,2001-01-01,
0434,5623c45f-26a4-45f4-93bf-de42fc19d6a6,VALID,Muut polttoaineet,"Ei-kaupallisia polttoaineita kuten puuta ja puujätettä, sellun sivutuotteena saatavaa ligniinia ja sokeriruokojätettä koskevien asioiden ja palveluiden hallinto; myös alkoholipolttoaineet luetaan tähän ryhmään

Ei-kaupallisten polttoaineiden saatavuutta, tuotantoa ja hyväksikäyttöä koskevien yleisen informaation, teknisen dokumentoinnin ja tilastojen tuotanto ja jakelu
avustukset, lainat tai yritystuet ei-kaupallisien polttoaineiden käytön edistämiseksi energian tuotannossa.

Tähän ei lueta:
- metsänhoitoa (04.2.2)
- tuuli- ja aurinkolämmitystä (04.3.5) tai geotermisiä varoja (04.3.6).",,,2001-01-01,
0435,0cf60cd6-625f-4fd8-9486-88bf53e70a95,VALID,Sähköhuolto,"Tämä luokka käsittää traditionaaliset sähkön lähteet, kuten lämpö- ja vesivarat, sekä uudemmat lähteet, kuten tuuli ja auringonlämpö:
- sähköön liittyvien asioiden ja palveluiden hallinto
- sähkövarojen säilyttäminen, kehittäminen ja järkiperäinen hyväksikäyttö; tuotantoa, siirtoa ja jakelua koskeva valvonta ja säännökset
- julkisista varoista rahoitettujen sähkönhuoltojärjestelmien rakentaminen tai toiminta.

Sähköä koskevien asioiden ja palveluiden yleisinformaation, teknisen dokumentoinnin ja tilastojen tuotanto sekä jakelu.

Avustukset, lainat tai yritystuet sähkön tuotannolle, mukaan luettuna padot ja muut sähkön tuottamista varten rakennetut laitokset.

Tähän ei lueta: tuulen tai auringonlämmön avulla tuotettua muuta kuin sähköenergiaa (04.3.6).",,,2001-01-01,
0436,9ed18515-e33a-4434-b529-80ff78dde319,VALID,Muu energiahuolto kuin sähköhuolto,"Sähköön pohjautumatonta energiaa koskevien asioiden ja palveluiden hallinto, joka koskee pääasiassa lämmön tuotantoa, jakelua ja hyväksikäyttöä höyryn, kuuman veden ja kuuman ilman muodossa
- julkisista varoista rahoitettujen sähköön pohjautumattomien energiahuoltojärjestelmien rakentaminen tai toiminta.

Sähköön pohjautumatonta energiaa koskevien asioiden ja palveluiden yleisinformaation, teknisen dokumentoinnin ja tilastojen tuotanto ja jakelu.

Avustukset, lainat tai yritystuet muulle kuin sähköön pohjautuvalle energiatuotannolle.

Tähän luetaan:
- geotermiset varat (maalämpö yms.)
- tuulen tai auringonlämmön avulla tuotettu sähköön pohjautumaton energia.",,,2001-01-01,
044,1379b3a9-67cb-4646-a23b-111fbc8451ae,VALID,"Kaivostoiminta, teollisuus ja rakentaminen",,,,2001-01-01,
0441,234445a2-223c-41d4-b65b-0399f05022f9,VALID,Muiden mineraalivarojen kuin mineraalipolttoaineiden louhinta,"Metallipitoiset mineraalit, kuten hiekka, savi, kivi, kemialliset ja lannoitemineraalit, suola, raakajalokivet, asbesti, kipsi jne.
- kaivostoimintaa ja mineraalivaroja koskevien asioiden ja palveluiden hallinto; mineraalivoimavarojen säilyttäminen, etsintä, jalostaminen ja järkiperäinen hyväksikäyttö; mineraalien etsinnän, louhinnan, markkinoinnin ja muiden mineraalin tuotantoon liittyvien asioiden valvonta ja säätely.

Kaivostoimintaa ja mineraalivaroja koskevien yleisinformaation, teknisen dokumentoinnin ja tilastojen tuotanto sekä jakelu

Avustukset, lainat tai yritystuet kaupalliselle kaivostoiminnalle.

Tähän luetaan: lupien ja käyttöoikeuksien myöntäminen, tuotantoasteen säätely, kaivosten tarkastus turvallisuussääntöjen noudattamisen kannalta jne.

Tähän ei lueta: hiiltä ja muita kiinteitä polttoaineita (04.3.1), raakaöljyä ja luonnonkaasua (04.3.2) ja ydinpolttoaineita (04.3.3).",,,2001-01-01,
0442,b249ad72-8043-4ae0-bdbd-5eedd29078fb,VALID,Teollisuus,"Teollista toimintaa koskevien asioiden ja palveluiden hoitaminen
- teollisuuden kehittäminen, laajentaminen tai edistäminen
- teollisuuslaitosten perustaminen ja toiminta
- yhteistyö teollisuuden järjestöjen ja muiden teollisuus- ja palvelualan etujärjestöjen kanssa.

Teollista toimintaa ja teollisuustuotteita koskevien yleisinformaation, teknisen dokumentoinnin ja tilastojen tuotanto sekä jakelu.

Avustukset, lainat tai yritystuet teollisuusyritysten toiminnalle.

Tähän luetaan: teollisuuden toimitilojen tarkastus turvallisuussääntöjen noudattamisen osalta, kuluttajien suojelu vaarallisilta tuotteilta yms.

Tähän ei lueta:
- hiilenjalostusteollisuutta koskevia asioita ja palveluita (04.3.1)
- raakaöljynjalostusteollisuutta (04.3.2)
- ydinpolttoaineteollisuutta (04.3.3).",,,2001-01-01,
0443,ba6f81d3-24f7-469d-a84e-6d1bcea9598a,VALID,Rakentaminen,"Rakentamista koskevien asioiden ja palveluiden hoitaminen, valvonta, kehittäminen ja säädökset
- rakennustoiminta-asioita ja -palveluita koskevien yleisinformaation, teknisen dokumentoinnin ja tilastojen tuotanto sekä jakelu.

Tähän luetaan: rakennusten käyttölupien myöntäminen, rakennus-työmaiden tarkistaminen turvallisuussääntöjen noudattamisen jne. osalta.

Tähän ei lueta: 
- Avustuksia, lainoja ja tukia asuntojen, teollisuusrakennusten, katujen, julkisten laitosten, kulttuurilaitosten jne. rakentamiseksi. (Luokitellaan tehtävän mukaan.)
- Asumista koskevien standardien kehittämistä ja säätelyä (06.1).",,,2001-01-01,
045,cd32eb7c-75fd-4e9e-9fea-4e3e4819484e,VALID,Liikenne,,,,2001-01-01,
0451,03fcc5a4-2fa6-431c-9623-835ee5ec9e75,VALID,Tieliikenne,"Teiden ja niihin liittyvien tilojen (sillat, tunnelit, pysäköintitilat, bussiterminaalit jne.) rakentamista, käyttöä ja ylläpitoa koskevien asioiden ja palveluiden hoitaminen, valvonta ja säädökset
- julkisin varoin rahoitettujen teiden ja tieliikenteen tilojen rakentaminen ja toiminta
tieliikenteen toimilupien myöntäminen, rahtitariffien ja matkustajien matkalippujen hintojen sekä palveluaikojen ja -tiheyksien hyväksyminen
- tienkäyttäjien valvonta (ajoneuvoluvat, ajokortit, ajoneuvojen turvallisuuden tarkastus, matkustaja- ja rahtitavaraliikenteen koko- ja lastimääräykset, linja-auton-, ja kuorma-autonkuljettajien työaikojen säätely, jne.).

Tieliikennettä ja tierakennustoimintaa koskevan yleisinformaation, teknisen dokumentoinnin ja tilastojen tuotanto sekä jakelu.

Avustukset, lainat tai yritystuet tieliikenteelle ja tieliikennetiloille rakentamiseen, ylläpitämiseen tai parantamiseen.

Tähän luetaan: valtatiet, kaupunkien tiet, kadut, pyörätiet ja jalankulkutiet.

Tähän ei lueta:
- tieliikennevalvontaa (03.1)
- avustuksia, lainoja ja tukia ajoneuvoteollisuudelle (04.4.2)
- katujen puhtaanapitoa (05.1)
- meluvalleja, -aitoja ja muita melua estäviä laitteita mukaan luettuna kaupunkien valtatieosuuksien uudelleenpinnoitusta melua vähentävillä pinnoilla (05.3)
- katuvalaistusta (06.4).",,,2001-01-01,
0452,f1d82d34-dc46-4b05-9621-fbe90e743a1e,VALID,Vesiliikenne,"Sisävesi-, rannikko- ja valtameriliikennettä sekä väyliä ja tiloja (satamat, telakat, luotsaus, kanavat, sillat, tunnelit, kanaalit, aallonmurtajat, silta-arkut, satamalaiturit, terminaalit jne.) koskevien asioiden ja palvelujen hoitaminen, valvonta ja säännökset: toiminta, käyttö, rakentaminen ja ylläpito
- vesiliikenteen alusten ja miehistön rekisteröinti; toimilupien myöntäminen ja tarkastus,
- matkustajien ja rahtitavaran turvallisuutta koskevat määräykset; rahtitariffien ja matkustajien matkalippujen hintojen sekä palveluaikojen ja -tiheyksien hyväksyminen,
- julkisin varoin rahoitettujen vesiliikenneyhteyksien (esimerkiksi lossit), -tilojen ja rakennelmien rakentaminen ja ylläpito.

Vesiliikennettä ja siihen liittyvien tilojen rakentamista koskevien yleisinformaation, teknisen dokumentoinnin ja tilastojen tuotanto sekä jakelu.

Avustukset, lainat tai yritystuet vesiliikenteen tai sen tilojen rakentamiseksi, ylläpitämiseksi tai parantamiseksi. 

Tähän luetaan: 
- luotsauspalvelut radion ja satelliittien avustuksella
- hätäpelastus- ja hinauspalvelut.
- korvaukset Suomenlinnan liikenteenharjoittajille

Tähän ei lueta: avustuksia, lainoja ja tukia laivanrakentajille (04.4.2).",,,2001-01-01,
0453,b1abe4cd-1d7e-4548-8136-d6210b5f1245,VALID,Rautatieliikenne,"Rautatieliikennejärjestelmien ja -tilojen (ratapenkat, terminaalit, tunnelit, sillat, pengerrykset, leikkaukset jne.) toimintaa, käyttöä, rakentamista ja ylläpitoa koskevien asioiden ja palveluiden hoitaminen, valvonta ja säännökset
- julkisin varoin rahoitettujen rautatieliikennejärjestelmien ja -tilojen toiminta.

Rautatieliikennejärjestelmien toimintaa ja rautateiden rakennustoimintoja koskevien yleisinformaation, teknisen dokumentoinnin ja tilastojen tuotanto sekä jakelu.

Avustukset, lainat tai yritystuet rautatieliikennejärjestelmien ja -laitteiden sekä -tilojen rakentamiseksi, ylläpitämiseksi tai parantamiseksi.

Tähän luetaan: 
- kaukoliikenteen ja kaupunkien väliset rautatieliikennejärjestelmät
- kaupungin nopeat kauttakulkurautatiejärjestelmät ja kevytrautatieliikennejärjestelmät
- liikkuvan kaluston hankinta ja ylläpito.

Tähän ei lueta: 
- avustuksia, lainoja ja tukia liikkuvan kaluston valmistajille (04.4.2)
- meluvallien, aitojen ja muiden melua ehkäisevien rakennelmien rakentamista mukaan luettuna raideosuuksien uudelleen päällystäminen melua vähentäville pinnoilla (05.3).",,,2001-01-01,
0454,f3b52e74-d8a7-4b88-9cec-1f0f61448ca0,VALID,Ilmaliikenne,"Ilmaliikennejärjestelmien ja -tilojen (lentokentät, kiitoradat, terminaalit, lentokonesuojat, lennonvarmistus ja lennonvarmistuslaitteet, ilmavalvontapalvelut jne.) toimintaa, käyttöä, rakentamista ja ylläpitoa koskevien asioiden ja palveluiden hoitaminen, valvonta ja säännökset
- julkisin varoin rahoitettujen ilmaliikennepalveluiden ja tilojen rakentaminen tai toiminta.

Ilmaliikennejärjestelmien toimintaa ja ilmaliikennetilojen rakentamista koskevien tietojen, teknisen dokumentoinnin ja tilastojen tuotanto sekä jakelu.

Avustukset, lainat ja yritystuet ilmaliikennejärjestelmien ja -tilojen rakentamiseksi tai parantamiseksi.

Tähän luetaan:
- navigointiapu radion ja satelliittien avustuksella
- hätäpelastuspalvelut; vuoroliikenteen ja muun liikenteen rahti- ja matkustajapalvelut
- yksityishenkilöiden lentämistä koskeva säätely ja valvonta.

Tähän ei lueta: avustuksia, lainoja ja tukia lentokoneteollisuudelle (04.4.2).",,,2001-01-01,
0455,6b2f9082-2275-4295-8e84-938cb8a38dd0,VALID,Putkijohtokuljetukset ja muu kuljetustoiminta,"Putkijohto- ja muiden kuljetusjärjestelmien (riippuvaunut, ilmakaapelit, köysiradat jne.) toimintaa, käyttöä, rakentamista ja ylläpitoa koskevien asioiden ja palveluiden hoitaminen, valvonta ja säännökset
- julkisin varoin rahoitettujen putkijohto- ja muiden kuljetusjärjestelmien rakentaminen tai toiminta.

Putkijohto- ja muiden kuljetusjärjestelmien toimintaa ja rakentamista koskevien tietojen, teknisen dokumentoinnin ja tilastojen tuotanto sekä jakelu.

Avustukset, lainat ja yritystuet putkijohto- ja muiden kuljetusjärjestelmien rakentamiseksi, ylläpitämiseksi ja parantamiseksi.",,,2001-01-01,
046,4c795318-6882-4a04-b836-a198eca9ea23,VALID,Viestintä,,,,2001-01-01,
0460,9e4ec4e4-62be-49f0-8111-7abec0b75980,VALID,Viestintä,"Viestintäjärjestelmien (posti, puhelin, lennätin, langattomat ja satelliitti viestintäjärjestelmät) rakentamista, laajentamista, parantamista, toimintaa ja ylläpitoa koskevien asioiden ja palveluiden hoitaminen, valvonta ja säännökset: toiminta, käyttö, rakentaminen ja ylläpito.

Viestintäasioita ja -palveluita koskevien yleisten tietojen, teknisen dokumentoinnin ja tilastojen tuotanto sekä jakelu.

Avustukset, lainat ja yritystuet viestintäjärjestelmien rakentamiseksi, ylläpitämiseksi ja parantamiseksi.

Tähän ei lueta:
- radion ja satelliittien välityksellä tapahtuvan vesiliikenteen (04.5.2) ja ilmaliikenteen (04.5.4) navigoinnin avustamista
- radio- ja televisiolähetysjärjestelmiä (08.3).",,,2001-01-01,
047,bd2c10f5-48e0-403e-952a-bc04f76dd35d,VALID,Muut toimialat,,,,2001-01-01,
0471,c5cc991c-0dda-4f86-8974-8243396d5741,VALID,Jakelu ja varastointi,"- Kauppaa ja varastointia koskevien asioiden ja palveluiden hoitaminen, valvonta ja säännökset: toiminta, käyttö, rakentaminen ja ylläpito.
- Hintoja, tavaroiden saatavuutta sekä muita kaupan ja varastointitoimialan piirteitä koskevien tietojen tuotanto ja jakelu kaupalle sekä yleisölle; kauppaa ja varastointia koskevien tilastojen laadinta ja julkaiseminen.

Avustukset, lainat ja yritystuet kaupalle ja varastointitoimialalle.

Tähän ei lueta:
- tuottajaan kohdistettua hinta- ja muuta valvontaa (joka luokitellaan tehtävän mukaan)
- ruoka- ja muita sellaisia avustuksia, joita kohdennetaan tietyille väestöryhmille tai yksilöille (10).",,,2001-01-01,
0472,f81c48df-5b9c-4124-bb8c-bc6307a81a63,VALID,Hotellit ja ravintolat,"Hotellien ja ravintoloiden rakentamista, laajentamista, parantamista, toimintaa ja ylläpitoa koskevien asioiden ja palveluiden hoitaminen, valvonta ja säännökset: toiminta, käyttö, rakentaminen ja ylläpito.
- Hotelli- ja ravintola-asioita sekä -palveluita koskevien yleisten tietojen, teknisen dokumentoinnin ja tilastojen tuotanto ja jakelu.

Avustukset, lainat ja yritystuet hotellien ja ravintoloiden rakentamiseksi, ylläpitämiseksi tai laadun parantamiseksi.",,,2001-01-01,
0473,8f206262-be41-47dd-b296-b701cfae7764,VALID,Matkailu,"Matkailuasioiden ja -palveluiden hoitaminen, edistäminen ja kehittäminen
yhteistyö matkailusta hyötyvien toimialojen (kuljetus, hotelli- ja ravintola- yms.) kanssa
- matkailutoimistojen toiminta kotimaassa ja ulkomailla jne.; mainoskampanjoiden organisointi, mukaan luettuna matkailua edistävän kirjallisuuden ja vastaavan tuotanto ja jakelu.

Matkailua koskevien tilastojen laatiminen ja julkaiseminen.",,,2001-01-01,
0474,f2be518a-69e8-4204-b87c-bbd630ce1a80,VALID,Monialaiset kehittämishankkeet,"Monia tarkoituksia palveleville kehittämisprojekteille on luonteenomaista, että ne koostuvat useista toisiinsa integroiduista toimijoista ja järjestelmistä, jotka ovat olemassa voimantuotantoa, tulvien torjuntaa, kastelua, navigointia ja vapaa-aikaa varten:

Rakentamista, laajentamista, parantamista, toimintaa ja ylläpitoa koskevien asioiden ja palveluiden hoitaminen po. monitavoitteisissa projekteissa.

Yleisen informaation sekä tilastojen tuotanto ja jakelu, tekninen dokumentointi. 
Avustukset, lainat ja yritystuet monia po. kehittämisprojektien perustamista, toimintaa tai sen tehostamista varten. 

Tähän ei lueta: projekteja, joilla on yksi päätehtävä ja muita toissijaisia tehtäviä (luokitellaan päätehtävän mukaan).",,,2001-01-01,
048,ae7816dd-9382-44aa-90d7-e677c8d894bb,VALID,Elinkeinoelämän tutkimus ja kehittäminen,,,,2001-01-01,
0481,dccbcf4e-4cf2-4bef-b9b9-7bccddaf3a0a,VALID,Taloutta ja kauppaa sekä työvoimapalveluita koskeviin asioihin liittyvä yleinen tutkimus ja kehittäminen,"Talouteen ja kauppaan sekä työvoima-asioihin liittyvää tutkimus- ja kehittämistoimintaa hoitavien julkisen sektorin yksiköiden hallinto ja toiminta.

Avustukset, lainat ja yritystuet tutkimuslaitoksille, yliopistoille ja muille julkisen sektorin ulkopuolisille yksiköille yleiseen talouteen ja kauppaan sekä työvoima-asioihin liittyvään tutkimus- ja kehittämistoimintaan

Tähän ei lueta: perustutkimusta (01.4).",,,2001-01-01,
0482,9a87a287-a555-4ceb-afd2-8b3261a85968,VALID,"Maa-, metsä-, kala- ja riistatalouteen liittyvä tutkimus ja kehittäminen","Maa-, metsä-, kala- ja riistatalouteen liittyvää soveltavaa tutkimusta ja kokeellista kehittämistä hoitavien julkisen sektorin yksiköiden hallinto ja toiminta.

Avustukset, lainat ja yritystuet tutkimuslaitoksille, yliopistoille ja muille julkisen hallinnon ulkopuolisille yksiköille maa-, metsä-, kala- ja riistatalouteen liittyvään soveltavaan tutkimukseen ja kokeelliseen kehittämiseen.

Tähän ei lueta: perustutkimusta (01.4).",,,2001-01-01,
0483,68b9fb32-939e-4da8-8409-709f6a3e93c0,VALID,Polttoaine- ja energiahuoltoon liittyvä tutkimus ja kehittäminen,"Polttoaine- ja energiahuoltoon liittyvää soveltavaa tutkimusta ja kokeellista kehittämistä hoitavien julkisen sektorin yksiköiden hallinto ja toiminta.

Avustukset, lainat ja yritystuet tutkimuslaitoksille, yliopistoille ja muille julkisen hallinnon ulkopuolisille yksiköille polttoaine- ja energiahuoltoon liittyvän soveltavaan tutkimukseen ja kokeelliseen kehittämiseen.

Tähän ei lueta: perustutkimusta (01.4).",,,2001-01-01,
0484,84e1e573-2e8a-419d-a907-65137eeaa811,VALID,"Kaivostoimintaan, teollisuuteen ja rakentamiseen liittyvä tutkimus ja kehittäminen","Kaivostoimintaan, teollisuuteen ja rakentamiseen liittyvää soveltavaa tutkimusta ja kokeellista kehittämistä hoitavien julkisen sektorin yksiköiden hallinto ja toiminta.

Avustukset, lainat ja yritystuet tutkimuslaitoksille, yliopistoille ja muille julkisen hallinnon ulkopuolisille yksiköille polttoaine- ja energiahuoltoon liittyvään soveltavaan tutkimukseen ja kokeelliseen kehittämiseen.

Tähän ei lueta: perustutkimusta (01.4).",,,2001-01-01,
0485,cbbc716c-a363-4ee2-9349-8bbfc202e93a,VALID,Liikenteen tutkimus ja kehittäminen,"Liikenteen soveltavaa tutkimusta ja kokeellista kehittämistä hoitavien julkisen sektorin yksiköiden hallinto ja toiminta.

Avustukset, lainat ja yritystuet tutkimuslaitoksille, yliopistoille ja muille julkisen hallinnon ulkopuolisille yksiköille liikenteen tutkimukseen ja kokeelliseen kehittämiseen.

Tähän ei lueta: perustutkimusta (01.4).",,,2001-01-01,
0486,77889aac-5ee9-4181-9116-4957b1b6dc86,VALID,Viestinnän tutkimus ja kehittäminen,"Viestinnän soveltavaa tutkimusta ja kokeellista kehittämistä hoitavien julkisen sektorin yksiköiden hallinto ja toiminta.

Avustukset, lainat ja yritystuet tutkimuslaitoksille, yliopistoille ja muille julkisen hallinnon ulkopuolisille yksiköille viestinnän soveltavaan tutkimukseen ja kokeelliseen kehittämiseen.

Tähän ei lueta: perustutkimusta (01.4).",,,2001-01-01,
0487,c5605d1e-6e96-4c53-9553-99b2b481f535,VALID,Muihin toimialoihin liittyvä tutkimus ja kehittäminen,"Muihin toimialoihin liittyvää soveltavaa tutkimusta ja kokeellista kehittämistä hoitavien julkisen sektorin yksiköiden hallinto ja toiminta.

Avustukset, lainat ja yritystuet tutkimuslaitoksille, yliopistoille ja muille julkisen hallinnon ulkopuolisille yksiköille muihin toimialoihin liittyvään tutkimus- ja kehittämistoimintaan, soveltavaan tutkimukseen ja kokeelliseen kehittämiseen.

Tähän ei lueta: perustutkimusta (01.4).",,,2001-01-01,
049,efbe7f11-3fed-4dc7-b6ed-894c2afbc921,VALID,"Elinkeinoelämään liittyvät asiat, muualla luokittelemattomat",,,,2001-01-01,
0490,c44606ff-4840-437f-8f85-28330df832af,VALID,"Elinkeinoelämään liittyvät asiat, muualla luokittelemattomat","Sellaisten yleisten ja toimialoittaisten taloudellisten asioiden hallinto, toiminta ja tukeminen, joita ei voida luokitella ryhmiin (04.1)-(04.8).",,,2001-01-01,
05,359ab9d3-0136-43fd-8300-ba82fb4c3e4c,VALID,Ympäristönsuojelu,,,,2001-01-01,
051,fbfe2826-cc2f-41f4-929d-2d0d1a993ab1,VALID,Jätehuolto,"Tämä ryhmä käsittää jätteiden keruun, käsittelyn ja hävittämisen.

Jätteiden keruuseen sisältyvät katujen, aukioiden, polkujen, torien, yleisten puutarhojen, puistojen jne. puhtaanapito sekä kaikenlaisten jätteiden (mahdollisuuksien mukaan tuotteiden tyypin mukaan lajiteltuna) keruu ja kuljetus käsittelypaikalle tai paikalle, jossa jäte sijoitetaan tai päästetään ympäristöön.

Jätteiden käsittelyyn sisältyvät kaikki menetelmät tai prosessit, jotka on suunniteltu muuttamaan minkä tahansa jätteen fysikaalista, kemiallista tai biologista luonnetta tai koostumusta niin, että se neutralisoituu, muuttuu vaarattomaksi tai turvallisemmaksi kuljettaa tai soveltuvaksi hyväksikäyttöön tai varastointiin tai vähenee volyymiltaan.

Jätteiden hävittämiseen sisältyy jätteiden lopullinen sijoittaminen täyttömaana, sitomalla, sijoittamalla maan alle, kaatamalla mereen tai millä tahansa muulla soveltuvalla hävitysmenetelmällä silloin, kun jätteille ei ole mitään jatkokäyttöä.",,,2001-01-01,
0510,1dceff3c-a424-4c64-81c6-632a85887adf,VALID,Jätehuolto,"Jätteiden keruu-, käsittely- ja hävitysjärjestelmien hallinto, valvonta, tarkastus, toiminta tai tukeminen.

Avustukset, lainat ja yritystuet em. järjestelmien toimintaan, rakentamiseen, ylläpitämiseen tai parantamiseen.

Tähän luetaan: ydinjätteen keruu, käsittely ja hävittäminen.",,,2001-01-01,
052,db01e4a8-1d9c-42a9-8fb0-48444dce4a73,VALID,Jätevesihuolto,"Tämä ryhmä käsittää: jäteveden käsittelyjärjestelmien toiminnan; jäteveden käsittelyn.

Jäteveden käsittelyyn sisältyvien keruujärjestelmien, putkijohtojen, kanavien ja pumppujen rakentaminen ja hoito minkä tahansa jäteveden (sadevesi, kotitalous- ja muu jätevesi) siirtämiseksi syntypaikalta jäteveden käsittelylaitokseen tai paikkaan, jossa jätevesi päästetään pintaveteen.

Jäteveden käsittelyyn sisältyy mikä tahansa mekaaninen, biologinen tai jatkoprosessi, joka saa jäteveden vastaamaan sovellettavia ympäristöstandardeja tai muita laatunormeja.",,,2001-01-01,
0520,7de1fe17-dad2-463d-9e6b-50c7dcf76f9b,VALID,Jätevesihuolto,"Viemärijärjestelmien ja jätevedenkäsittelyn hallinto ja tukeminen.

Avustukset, lainat ja tuet em. järjestelmien toimintaan, rakentamiseen, ylläpitämiseen tai parantamiseen.",,,2001-01-01,
053,fbd6b51e-e2c8-4f58-a38a-6ad3a036a2e1,VALID,Ympäristön pilaantumisen torjunta,"Tähän ryhmään kuuluvat toiminnot, jotka liittyvät ulkoilman ja ilmaston suojeluun, maaperän ja pohjaveden suojeluun, melun ja tärinän torjuntaan ja säteilyä vastaan suojautumiseen. 

Mainittuihin toimintoihin sisältyvät:
- seurantajärjestelmien ja mittausasemien (ei kuitenkaan säähavaintoasemien) rakentaminen, ylläpito ja toiminta
- meluvallien, aitojen ja muiden meluntorjuntarakennelmien rakentaminen tie- ja rataosuuksille sekä teiden uudelleenpinnoitus melua vähentävillä pinnoitteilla
- vesistöjen kunnostus
- ulkoilmaan ja ilmastoon haitallisesti vaikuttavien kasvihuonekaasujen ja muiden päästöjen 
- valvonta- tai ehkäisytoimenpiteet
- pilaantuneen maaperän puhdistuslaitteiden sekä ympäristöä (mahdollisesti) pilaavien tuotteiden varastojen rakentaminen, ylläpito ja toiminta.",,,2001-01-01,
0530,3e11b3fd-723b-4f5e-b7e7-3b28f1bc83dc,VALID,Ympäristön pilaantumisen torjunta,"Ympäristön pilaantumisen torjuntaan ja valvontaan liittyvien toimintojen hallinto, valvonta, tarkastus ja tukeminen. 

Avustukset, lainat ja tuet ympäristön pilaantumisen torjuntaan sekä valvontaan liittyviin toimintoihin.",,,2001-01-01,
054,edcd9e6a-a7a4-46a7-aa72-b92250e86d71,VALID,Biologisen monimuotoisuuden ja maiseman suojelu,"Tähän luokkaan kuuluvat toiminnot, jotka liittyvät:
- eläin- ja kasvilajien suojeluun (mukaan luettuna sukupuuttoon kuolleiden lajien uudelleenistutus tai uhanalaisten lajien kantojen elvyttäminen)
- kasvuympäristöjen suojeluun (mukaan luettuna luonnonpuistojen ja reservaattien hoito)
- maiseman esteettisten arvojen suojeluun (mukaan luettuna vahingoittuneen maiseman korjaaminen sen esteettisten arvojen vahvistamiseksi sekä hylättyjen kaivosten ja louhospaikkojen entisöinti).",,,2001-01-01,
0540,1642c328-5f11-42d6-843d-470964653740,VALID,Biologisen monimuotoisuuden ja maiseman suojelu,"Luonnon monimuotoisuuden ja maiseman suojeluun liittyvien toimintojen hallinto, valvonta, tarkastus sekä toiminta ja tukeminen.

Avustukset, lainat ja tuet luonnon monimuotoisuuden ja maiseman suojeluun liittyviin toimintoihin.",,,2001-01-01,
055,6930614c-acf5-4024-8e80-e334c5b3422b,VALID,Ympäristönsuojelun tutkimus ja kehittäminen,,,,2001-01-01,
0550,0e29f2db-3ece-4df5-a9be-b801c6516f85,VALID,Ympäristönsuojelun tutkimus ja kehittäminen,"Ympäristönsuojeluun liittyvää soveltavaa tutkimusta ja kokeellista kehittämistä hoitavien julkisen sektorin yksiköiden hallinto ja toiminta.

Avustukset, lainat ja tuet tutkimuslaitoksille, yliopistoille ja muille julkisen hallinnon ulkopuolisille yksiköille ympäristön suojeluun liittyvään soveltavaan tutkimukseen ja kokeelliseen kehittämiseen.

Tähän ei lueta: perustutkimusta (01.4).",,,2001-01-01,
056,f34fdb02-759a-4561-b1c4-97835f3ebb4c,VALID,"Ympäristönsuojelu, muualla luokittelematon",,,,2001-01-01,
0560,0af1db6d-d826-449f-8919-1fd0373cf7e1,VALID,"Ympäristönsuojelu, muualla luokittelematon","Esimerkiksi ympäristönsuojelun edistämiseen tähtäävien yleisten politiikkojen, suunnitelmien, ohjelmien ja budjettien laadinnan, hallinnon, koordinoinnin ja seurannan hallinto sekä johtaminen, säätely, valvonta, toiminta ja tukeminen
ympäristönsuojelupalveluja koskevan lainsäädännön ja standardien valmistelu ja toimeenpano.

Ympäristönsuojelua koskevien yleisten tietojen, teknisen dokumentoinnin ja tilastojen tuotanto sekä jakelu

Tähän luetaan: Ympäristönsuojeluasiat ja -palvelut, joita ei voida lukea ryhmiin (05.1)-(05.5).",,,2001-01-01,
06,b06abf2a-23cf-4e73-9391-04ffed83c8bd,VALID,Asuminen ja yhdyskuntapalvelut,,,,2001-01-01,
061,6bd1817b-85cd-49e1-9b0b-8574e009e285,VALID,Asuinolojen kehittäminen,,,,2001-01-01,
0610,51b32841-a97f-44d5-9bfa-e7c3070b50a7,VALID,Asuinolojen kehittäminen,"Asumisen edistämistä koskevien asioiden ja palveluiden hallinto
- asuinolojen edistäminen, seuranta ja arviointi riippumatta siitä, ovatko nämä toiminnot julkisten viranomaisten suojeluksessa tai eivät
- asumista koskevien standardien kehittäminen ja säädösten valmistelu
- asuntojen rakentaminen tai ostaminen ja korjaaminen kotitalouksille yleensä ja erityisryhmille; rakennusmaan hankinta ja kaavoitus.

Asumisen edistämisasioita ja -palveluita koskevien yleisten tietojen, teknisen dokumentoinnin ja tilastojen tuotanto ja jakelu

Avustukset, lainat tai tuet asuntokannan laajentamiseksi, parantamiseksi tai ylläpitämiseksi.

Tähän ei lueta: 
- rakentamista koskevien standardien kehittämistä ja säätelyä (04.3.3)
- rahamuotoisia tai luontoismuotoisia avustuksia kotitalouksille asumiskustannusten kattamiseksi (10.6).",,,2001-01-01,
062,02481db3-f51a-4dd5-a305-606cc48f1e09,VALID,Yhdyskuntakehitys,,,,2001-01-01,
0620,747b0660-468d-4371-af75-ab7c6f6f38bc,VALID,Yhdyskuntakehitys,"Yhdyskuntakehitystä koskevien asioiden ja palveluiden hallinto
- kaavoitusta koskevien lakien ja maankäytön sekä rakentamista koskevan säätelyn hallinto
- uusien tai saneerattavien yhdyskuntien suunnittelu; yhdyskuntien asumista, teollisuutta, julkisia laitoksia, terveyttä, koulutusta, kulttuuria, vapaa-aikaa jne. varten tarvittavien tilojen parantamisen ja kehittämisen suunnittelu; suunniteltujen kehittämistoimenpiteiden rahoituksen valmistelu.

Yhdyskuntakehitysasioita ja -palveluita koskevien yleisten tietojen, teknisen dokumentoinnin ja tilastojen tuotanto ja jakelu.

Tähän ei lueta:
- suunnitelmien toimeenpanoa, so. asuntojen, teollisuusrakennusten, katujen, julkisten laitosten, kulttuuritilojen jne. varsinaista rakentamista (luokitellaan tehtävän mukaan)
- maatalousuudistusta ja maan uudisasutusta (04.2.1)
- rakennusstandardien hallintoa (04.3.3) eikä asumisstandardeja (06.1).",,,2001-01-01,
063,a8b3e36e-5911-427a-bc91-3e2fb77bf0b3,VALID,Vesihuolto,,,,2001-01-01,
0630,448e6348-1114-4b6f-a8aa-e0b9072d8feb,VALID,Vesihuolto,"Vesihuoltopalveluiden hallinto
- tulevien tarpeiden arviointi; veden saatavuuden selvittäminen em. arvioinnin perusteella
- käyttöveden valvonta (veden puhtaus ja hinta yms.)
- julkisin varoin rahoitettujen vesihuoltojärjestelmien rakentaminen tai toiminta.

Vesihuoltoasioita ja -palveluita koskevien yleisten tietojen, teknisen dokumentoinnin ja tilastojen tuotanto sekä jakelu

Avustukset, lainat ja tuet vesihuoltojärjestelmien toimintaa, rakentamista tai parantamista varten.

Tähän ei lueta:
- kastelujärjestelmiä (04.2.1)
- monia tarkoituksia palvelevia projekteja (04.7.4)
- jäteveden keruuta ja käsittelyä (05.2).",,,2001-01-01,
064,512d166a-f77d-43b9-8896-949f03121d65,VALID,Katuvalaistus,,,,2001-01-01,
0640,65cb681f-965b-4687-a827-86e829cbe6c8,VALID,Katuvalaistus,"Katuvalaistusta koskevien asioiden hallinto ja standardien kehittäminen sekä säätely
- katuvalaistuksen asentaminen, toiminta, ylläpito, parantaminen jne.

Tähän ei lueta: valtateiden toimintaan ja rakentamiseen liittyviä valaistusasioita ja -palveluita (04.5.1)",,,2001-01-01,
065,1b62bed1-cee1-442d-ab30-8422cf53e0bf,VALID,Asumisen ja yhdyskuntapalvelujen tutkimus ja kehittäminen,,,,2001-01-01,
0650,94d3ad83-8e05-4d5c-9b6a-47fb0a1d4a56,VALID,Asumisen ja yhdyskuntapalvelujen tutkimus ja kehittäminen,"Asumiseen ja yhdyskuntakehitykseen liittyvää tutkimus- ja kehittämistoimintaa hoitavien julkisen sektorin yksiköiden hallinto ja toiminta.

Avustukset, lainat ja tuet tutkimuslaitoksille, yliopistoille ja muille julkisen hallinnon ulkopuolisille yksiköille asumiseen ja yhdyskuntakehitykseen liittyvään tutkimus- ja kehittämistoimintaan.

Tähän ei lueta: 
- perustutkimusta (01.4)
- rakennusmenetelmiin ja rakennusmateriaaleihin liittyvää soveltavaa tutkimusta ja kokeellista kehittämistä (04.8.4).",,,2001-01-01,
066,530e5402-606f-4df2-b821-7d12af59d7c7,VALID,"Asuminen ja yhdyskuntapalvelut, muualla luokittelemattomat",,,,2001-01-01,
0660,cfa961fc-b850-4dee-b7d5-82e57507e583,VALID,"Asuminen ja yhdyskuntapalvelut, muualla luokittelemattomat","Asumis- ja yhdyskuntapalveluiden hallinto, toiminta tai tukeminen, joita ei voida lukea ryhmiin (06.1)-(06.5).",,,2001-01-01,
07,a1a5e98e-dcc9-4924-b62e-58efab9b6238,VALID,Terveydenhuolto,"Julkisiin terveydenhuoltomenoihin sisältyvät yksittäisille henkilöille tuotetut palvelut sekä kollektiivisesti käytettävät palvelut. Yksittäisille henkilöille tuotetuista terveydenhuoltopalveluista aiheutuneet menot luokitellaan ryhmiin (07.1)-(07.4). Kollektiivisten palvelujen menot luokitellaan ryhmiin (07.5) ja (07.6).

Kollektiiviset terveyspalvelut liittyvät
- julkisen terveydenhuoltopolitiikan suunnitteluun ja hallintoon
- lääketieteellistä ja muuta terveydenhuollon ammattihenkilöstöä, sairaaloita, klinikoita, yksityisvastaanottoa jne. koskevien standardien laadintaan ja toimeenpanoon
- terveydenhuoltopalveluiden tuottajia koskevaan säätelyyn ja lupien myöntämiseen 
- lääketieteeseen ja terveyteen liittyvään soveltavaan tutkimukseen ja kokeelliseen kehittämiseen.

Sairaala-, klinikka- ja yksityisvastaanottoryhmien hallintoon tai toimintaan liittyvien yleiskustannusten katsotaan kuitenkin olevan yksittäisiä palveluita koskevia kustannuksia ja luokitellaan soveltuviin ryhmiin (07.1)-(07.4).",,,2001-01-01,
071,4213bd46-a5cd-4ba4-a779-836d18ee7012,VALID,"Lääkevalmisteet, lääkintälaitteet ja -välineet","Tähän luokkaan kuuluu yksittäisten henkilöiden kokonaan tai osaksi korvattavat tai maksutta saamat lääkkeet, proteesit, lääketieteelliset laitteet ja varusteet, lääkinnälliset tarvikkeet yms. terveydenhoitoon liittyvät tuotteet. Ne hankitaan tavallisimmin apteekista, farmaseutilta tai lääkinnällisten laitteiden toimittajilta, reseptillä tai ilman sitä. 

Tähän ei lueta: Niitä lääkkeitä, proteeseja, lääkinnällisiä laitteita tai varusteita ja muita terveyteen liittyviä tuotteita, joita yksittäiset henkilöt saavat
avohoidossa olevina potilaina terveyskeskuksesta (lääkäriltä, terveydenhoitajalta, sairaanhoitajalta tai kotisairaanhoitajalta) (07.2.1) tai äitiys- ja lastenneuvolasta (07.2) ollessaan terveyskeskusten vuodeosaston, sairaalan, hoito- ja toipilaskodin potilaana näiltä hoitolaitoksilta (07.3).",,,2001-01-01,
0711,bdec1098-ac14-4461-a3a5-5535f522df5a,VALID,Farmaseuttiset tuotteet,"Ilmaislääkkeet, apteekkikorvaukset ja muut kustannusten korvaukset, avustukset ja tuet yksittäisille henkilöille farmaseuttisten tuotteiden hankkimiseen liittyen. 
Farmaseuttisia tuotteita ovat käsikauppalääkkeet, lääkinnälliset valmisteet ja lääkeaineet, seerumit, rokotteet, vitamiinit ja mineraalit, kalanmaksaöljy sekä suun kautta nautittavat ehkäisyaineet.

Farmaseuttisten tuotteiden hankinnan hallinto, toiminta tai tukeminen.",,,2001-01-01,
0712,5e7aa126-989c-45f5-bff5-b73b9a5739cf,VALID,Muut lääkintätuotteet,"Apteekkikorvaukset ja muut kustannusten korvaukset, avustukset ja tuet yksittäisille henkilöille maksutta luovutettavien, terveydenhuoltohenkilöstön määräämien lääkinnällisten tuotteiden hankkimiseen liittyen (pl. tuotteet jotka kuuluvat edelliseen luokkaan). Tällaisia tuotteita ovat lääketieteelliseen käyttöön tarkoitetut lämpömittarit, laastarit ja siteet, injektioruiskut, ensiapupakkaukset, kuumavesipullot ja jääpussit, lääkinnälliset sukat kuten elastiset sukat, polvisuojukset, kondomit ja muut mekaaniset ehkäisyvälineet.

Terveydenhuoltohenkilöstön määräämien muiden lääkintätuotteiden hankinnan hallinto, toiminta tai tukeminen.",,,2001-01-01,
0713,f68b1ccf-c80f-48e4-830a-7f71ffbf9bf3,VALID,Hoitolaitteet ja -välineet,"Apteekkikorvaukset, muut kustannusten korvaukset sekä avustukset ja tuet yksittäisille henkilöille määrättyjen ja näille maksutta luovutettujen lääkinnällisten laitteiden ja varusteiden hankkiminen. Lääkinnällisiin laitteisiin ja varusteisiin sisältyvät näköä korjaavat silmälasit ja piilolinssit, kuulolaitteet, lasisilmät, keinotekoiset raajat ja muut proteesilaitteet, ortopediset tuet, ortopediset jalkineet, kirurgiset vyöt, tyrävyöt ja -tuet, niskatuet, lääketieteelliset hierontalaitteet ja terveyslamput, moottori- ja käsikäyttöiset pyörätuolit yms.

Hoitolaitteiden ja välineiden korjaaminen.

Terveydenhuoltohenkilöstön määräämien lääkinnällisten laitteiden ja varusteiden hankinnan hallinto, toiminta tai tukeminen.

Tähän ei lueta: hoitolaitteiden vuokraamista (07.2.4).",,,2001-01-01,
072,10a1f1ff-bab0-4b2f-9383-3c65539c5ebf,VALID,Avohoitopalvelut,"Lääkäreiden, hammaslääkäreiden ja muiden terveydenhuollon ammattihenkilöiden sekä heidän avustajiensa avohoitopotilaille antamat lääketieteelliset, hammaslääketieteelliset ja muut terveydenhoitopalvelut.

Avohoitopalveluja antavat terveyskeskukset, sairaalat, poliklinikat, laboratoriot, yksityiset terveydenhuollon palvelujen tuottajat (esim. lääkäriasemat), itsenäiset ammatinharjoittajat yksityisvastaanotoilla tai asiakkaan kotona.

Tähän luetaan: terveyskeskusten avohoidon (lääkärit, terveydenhoitajat, sairaanhoitajat ja kotisairaanhoito) sekä äitiys- ja lastenneuvoloiden avohoitopotilaille antamat lääkkeet, proteesit, hoitolaitteet ja -välineet ja muut terveydenhoitoon liittyvät tuotteet osana hoitoa, maksutta.

Sairaaloiden, terveyskeskusten ja äitiysneuvoloiden sekä hoito- ja toipilaskotien niissä hoidossa oleville potilaille antamat lääketieteelliset, hammaslääketieteelliset ja röntgenpalvelut. Paralääketieteelliset palvelut luetaan ryhmään (07.2.4).",,,2001-01-01,
0721,e7bb3777-baa7-4b61-998c-2fb33ed8477b,VALID,Perusterveydenhuollon palvelut,"Perusterveydenhoidon palveluilla tarkoitetaan avohoidon palveluita, jotka eivät rajoitu jollekin lääketieteen erikoisalalle. Palvelut annetaan joko yleislääketieteellisten klinikoiden ja yleislääkäreiden vastaanotolla tai asiakkaiden kotona.

- Terveyskeskusten avohoito
- muun perusterveydenhuollon henkilökunnan tuottamat palvelut 
- yleislääketieteen harjoittajien ja erikoistumattomien lääkäreiden palvelut.

Yleislääketieteellisten klinikoiden ja yleislääkäreiden tarjoamien yleislääketieteellisten palvelujen hallinto, tarkastus ja toiminta.

Tähän luetaan: 
- työterveydenhuollon palvelut 
- yleislääketieteeseen erikoistuneiden lääkäreiden palvelut.",,,2001-01-01,
0722,e064d24c-aa42-4165-93c1-1ac8cf038701,VALID,Erikoissairaanhoidon palvelut,"Erikoisalan lääketieteellisten palvelujen tarjonta avohoitopotilaille tuottajina sairaanhoitopiirien sairaalat ja niiden poliklinikat, hoitolaitokset tai ammatinharjoittajat omalla erikoisalallaan. Erikoissairaanhoito eroaa yleislääketieteellisistä palveluista siten, että erikoissairaanhoidon palvelut rajoittuvat tietyn tilan, sairauden, lääketieteellisen menetelmän tai potilasluokan hoitoon. 

Erikoissairaanhoidon poliklinikoiden ja muiden avohoitoyksiköiden palvelut
erikoislääkäreiden vastaanottotoiminta. 

Erikoissairaanhoidon palvelujen hallinto, tarkastus ja toiminta.

Tähän luetaan: 
- muiden lääketieteen erikoisalojen, kuin yleislääketieteen, piiriin kuuluvat palvelut 
- Väestöliiton lääketieteelliset palvelut.

Tähän ei lueta: hammasklinikoiden, hammaslääkäreiden (07.2.3) eikä yleislääketieteeseen erikoistuneiden lääkäreiden antamia perusterveydenhuollon palveluja (07.2.1).",,,2001-01-01,
0723,189cc2b1-5993-4a14-80b4-79ac1e236ff8,VALID,Hammashoidon palvelut,"Yleis- ja erikoishammaslääkäriklinikoiden ja hammaslääkäreiden, suuhygieenikkojen tai muun hammashoitohenkilöstön tarjoamat palvelut.

Hammasklinikat tarjoavat avohoitopalveluja. Hammasklinikoita ei välttämättä johda hammaslääkäri eikä henkilöstö ole hammaslääkäreitä, vaan niitä voi johtaa ja henkilöstönä voi olla suuhygieenikko/ja tai hammashoitaja. Hammaslääkärit, suuhygieenikot tai hammashoitajat, joihin tässä viitataan, hoitavat potilaita yksityisten hammaslääkäriasemien yhteydessä olevissa hammaslääkäreiden vastaanottohuoneissa tai ei-lääketieteellisissä laitoksissa.

- Hammashoitopalvelujen tarjonta avohoitopotilaille
- yleis- ja erikoishammasklinikoiden sekä hammaslääkärien, suuhygieenikkojen ja hammashoitajien tarjoamien hammashoitopalvelujen hallinto, tarkastus, toiminta ja tukeminen.",,,2001-01-01,
0724,1663c538-eb19-42b8-910c-f0247121ed3d,VALID,Muut terveydenhuoltopalvelut,"- Muiden terveydenhuollon ammattihenkilöiden kuin lääkäreiden itsenäisesti tuottamat palvelut avohoitopotilaille.
- Terveydenhoitajien, kätilöiden, fysioterapeuttien, toimintaterapeuttien, puheterapeuttien tai muiden terveydenhuollon ammattihenkilöiden johtamien klinikoiden sekä terveydenhoitajien, kätilöiden ja muiden terveydenhuollon ammattihenkilöiden muualla kuin lääkäriasemilla, terveyskeskuksissa tai sairaaloissa muun hoidon osana tuottamien terveydenhoitopalveluiden hallinto, tarkastus, toiminta tai tukeminen.

Tähän luetaan:
- akupunktiohoitajat, pedikyristit, jalkojenhoitajat, kiropraktikot, luontaislääketieteen harjoittajat jne.
- lääketieteellisiä analyysejä tekevät laboratoriot ja röntgenkeskukset
- lääkinnällisten laitteiden vuokraus
- lääkinnällinen kuntoutus
- avohoitopotilaiden lämpökylvyt ja merivesihoito
- ambulanssipalvelut (pois lukien sairaaloiden hoitamat ambulanssipalvelut) ja muu sairaankuljetus.

Tähän ei lueta:
- muut kuin hoitolaitosten, klinikoiden tai vastaanottojen yhteydessä toimivat (07.4)
- tautien syiden määrittelyä hoitavia laboratorioita (07.5).",,,2001-01-01,
073,886bfbe1-88b8-4209-bf89-6f09f7f33fee,VALID,Sairaalapalvelut eli laitoshoito,"Sairaalahoidosta eli laitoshoidosta on kysymys silloin, kun potilas on otettu sisään sairaalaan hoidon ajaksi (majoitettu sairaalaan). Sairaalahoitoon luetaan myös hoitolaitoksessa annettu muu hoito kuten päiväkirurgia, vaikka hoitoon ei sisältyisikään yöpymistä laitoksessa. Myös kotisairaanhoito luetaan tähän samoin kuin terminaalihoitoon erikoistuneet saattokodit.

Tähän ryhmään luetaan:
- yleis- ja erikoissairaalat sekä sairaskodit, jotka tarjoavat pääasiassa vuodehoitoa
rajavartiolaitoksen ja puolustusvoimien sairaalat 
- vanhuksia palvelevat laitokset, joissa lääketieteellinen seuranta on olennainen osa
- kuntoutuskeskukset, jotka tarjoavat vuodepotilaille terveydenhoitoa ja kuntoutusterapiaa, joiden tarkoituksena on pikemminkin hoitaa potilasta kuin tarjota muuta pitkäaikaista tukea.

Sairaalat määritellään laitoksiksi, jotka tarjoavat vuodeosastohoitoa lääkäreiden suoran valvonnan alaisena. Sairaskodit tarjoavat myös vuodehoitoa, mutta niiden palveluita johtaa ja usein antaa lääkäreitä alempi henkilöstö.

Sairaalat luokitellaan seuraavasti:
- terveyskeskusten vuodeosastot eli perusterveydenhuollon yleislääkärijohtoiset vuodeosastot
- yleissairaalat eli useita eri erikoisaloja sisältävät sairaalat, jotka tuottavat erikoissairaanhoidon palveluita
- psykiatriset sairaalat, joissa on vain psykiatrian erikoisalan hoitoa, silloin kun sairaalaa ei vielä ole liitetty osaksi esimerkiksi yleissairaalaa
- erikoissairaalat eli sairaalat, joissa on vain yksi erikoisala (muu kuin psykiatria), tai jotka ovat keskittyneet tietyn potilasryhmän hoitoon.

Tähän ryhmään luetaan:
- terveyskeskusten vuodeosastojen, sairaaloiden, hoito- ja toipilaskotien hoidossa oleville potilaille hoidon osana, maksutta tarjoamat lääkkeet, proteesit, hoitolaitteet ja -välineet ym. terveyteen liittyvät tuotteet
- sairaalan tai hoitolaitoksen muut kuin lääketieteelliset menot, jotka aiheutuvat hallinnosta, ei-lääketieteellisestä henkilöstöstä, elintarvikkeista ja juomista ja majoituksesta (mukaan luettuna henkilöstön majoitus) jne.

Tähän ryhmään ei lueta:
- kenttäsairaaloita (02.1), yksinomaan avohoitoon tarkoitettuja lääkärien vastaanottohuoneita, klinikoita ja lääkelaboratorioita (07.2), vammaisten laitoksia ja pääasiassa pitkäaikaista tukea tarjoavia kuntoutuskeskuksia (10.1.2), vanhainkoteja (10.2)
- maksuja sairaalaan joutumisesta aiheutuneiden tulonmenetysten kattamiseksi (10.1.1).",,,2001-01-01,
0731,a81f1baa-a5f7-4e74-8ecf-89dd2e1868b3,VALID,Yleissairaaloiden palvelut,"Yleissairaaloita ovat terveyskeskusten vuodeosastot ja useita eri erikoisaloja sisältävät sairaalat, jotka tuottavat erikoissairaanhoidon palveluita; mukaan lukien keskussotilassairaala ja varuskuntien sairaalat. 

- Yleissairaaloiden palvelut
- yleissairaaloiden hallinto, tarkastus, toiminta tai tukeminen.

Tähän ei lueta: laitoksia, jotka eivät ole lääkärin suoran valvonnan alaisia (07.3.3).",,,2001-01-01,
0732,6b555c61-475e-4037-94f2-d2afeaf1b86f,VALID,Erikoissairaaloiden palvelut,"Erikoistuneet sairaalat ovat toisin kuin yleissairaalat erikoistuneet tietyn potilasryhmän, tilan tai sairauden hoitamiseen (esimerkiksi keuhkosairaudet, tuberkuloosi, syöpä, korva-nenä-kurkkutaudit, psykiatriset sairaudet, naistentaudit, lastentaudit jne.).

- Erikoissairaaloiden palvelut
- erikoissairaaloiden hallinto, tarkastus, toiminta tai tukeminen.

Tähän luetaan: Allergiasairaala, Reumaliiton säätiön sairaala, Orton, Kelan kuntoutuskeskus.",,,2001-01-01,
0733,d66480e7-2ca2-4d01-89ea-6c7b6c90b851,VALID,Erikoistuneet terveys- ja äitiysklinikat,"Erikoistuneiden terveys- ja äitiysklinikoiden hallinto, tarkastus, toiminta tai tukeminen. 

Suomessa ei ole tähän luokkaan luettavia klinikoita.",,,2001-01-01,
0734,5fa0a7ad-c2fb-4701-aecb-08eb4b1211c9,VALID,Hoito- ja toipilaskotien palvelut,"Hoito- ja toipilaskodit tarjoavat vuodehoitopalveluita henkilöille, jotka toipuvat leikkauksista tai uuvuttavasta sairaudesta tai muusta sellaisesta tilasta, joka vaatii pääasiassa seurantaa ja lääkkeiden, fysioterapian ja voimistelun järjestelyä toiminnan tai levon puutteen korvaamiseksi.
- Hoiva- ja toipilaskotipalvelut sekä niiden hallinto, tarkastus, toiminta tai tukeminen.

Tähän luetaan: 
- sellaiset vanhuksia palvelevat laitokset, joissa lääketieteellinen seuranta muodostaa olennaisen osan
- vuodehoitoa ja kuntoutusterapiaa tarjoavat kuntoutuskeskukset, joissa tarkoituksena on pikemminkin hoitaa potilasta kuin tarjota muuta pitkäaikaista tukea
- saattohoitokodit.

Tähän ei lueta: terveyskeskusten vuodeosastoja.",,,2001-01-01,
074,68327270-861c-4c79-974a-9a8d9bfd05fd,VALID,Yleiset terveydenhuoltopalvelut,,,,2001-01-01,
0740,37ac41c1-e49f-432c-9344-a6da4d3ae66e,VALID,Yleiset terveydenhuoltopalvelut,"Suuri osa tähän luokkaan muualla luokiteltavista palveluista on Suomessa organisoitu perusterveydenhuollon yhteyteen osana vastaanotto- ja neuvolatoimintaa. 

Suomessa tähän luetaan:
- Yleisten terveyspalvelujen tarjonta
- veripankkitoiminta (keruu, käsittely, varastointi, kuljetus), sairastuvuuden ja - tartuntatautien kartoitus (syöpä, tuberkuloosi, veneeriset taudit), ennaltaehkäisevät toimenpiteet kuten rokotukset, terveysseuranta (lasten ravitsemus, lasten terveys jne.)
- epidemiologisen tietojen keruu, perhesuunnittelupalvelut yms.

Yleisten terveydenhuoltopalveluihin liittyvän informaation valmistaminen ja jakelu. 

Tähän luetaan:
- työterveydenhuolto, kouluterveydenhuolto ja muut vastaavat yleiset terveyspalvelut, jotka eivät liity sairaalaan, klinikkaan tai ammatinharjoittajaan (asiakasryhmille, joista useimmilla on hyvä terveys)
- muiden kuin lääkäreiden antamat yleiset terveyspalvelut
- yleisten terveyspalvelujen laboratoriot, kuten syöpäjärjestöjen laboratoriot ja muut joukkoseulontoja tuottavat laboratoriot.

Tähän ei lueta:
- lääketieteellisiä analyysejä tekeviä laboratorioita (07.2.4)
- laboratorioita, jotka määrittelevät tautien syitä (07.5)
-terveydenhuollon ulkopuolelle organisoituja perhesuunnittelupalveluita (10.4).",,,2001-01-01,
075,f7f385fe-7358-4cc0-bc15-a7d376a33b75,VALID,Terveydenhuoltoalan tutkimus ja kehittäminen,,,,2001-01-01,
0750,81accd5e-0aac-4b65-b8a9-b8878ff93017,VALID,Terveydenhuoltoalan tutkimus ja kehittäminen,"Terveyteen liittyvää tutkimus- ja kehittämistoimintaa hoitavien julkisen sektorin yksiköiden hallinto ja toiminta; terveydenhuollon kliininen ja palvelujärjestelmän tutkimus
- avustukset, lainat ja tuet muiden kuin julkisen sektorin yksiköiden (pois lukien yliopistot) tekemään terveyteen liittyvään tutkimus- ja kehittämistoimintaan.

Tähän luetaan: Kansanterveyslaitoksen ja STAKESin tutkimustyö sekä laboratoriot, jotka selvittävät tautien syitä.

Tähän ei lueta: perustutkimusta (01.4).",,,2001-01-01,
076,e9bf3fee-4ed0-40f3-9e3c-ae242952ea49,VALID,"Terveydenhuolto, muualla luokittelematon",,,,2001-01-01,
0760,7dd5e1a9-bf88-4b28-9245-3f7a7b5e97a1,VALID,"Terveydenhuolto, muualla luokittelematon","Toimintojen, kuten terveydenhuollon yleispolitiikkojen, -suunnitelmien, -ohjelmien ja -budjettien laadinnan, hallinnon, koordinoinnin ja seurannan hallinto, toiminta tai tukeminen
- terveydenhuoltopalvelujen järjestämistä koskevan lainsäädännön ja standardien valmistelu ja toimeenpano, mukaan luettuna lääketieteellisiä laitoksia sekä lääketieteellistä ja muuta terveydenhuollon ammattihenkilöstöä koskevien lupien myöntäminen sekä terveydenhuoltoa koskevien yleisten tietojen, teknisen dokumentoinnin ja tilastojen tuotanto ja jakelu.

Tähän luetaan: terveysasiat ja -palvelut, joita ei voida lukea ryhmiin (07.1)-(07.5)",,,2001-01-01,
08,63d7a58b-74a8-4e8b-b85d-5d36938ad602,VALID,Virkistys- ja kulttuuritoiminta sekä uskonnollinen toiminta,"Vapaa-aikaan, kulttuuriin ja uskontoon liittyviin julkisiin menoihin sisältyvät yksittäisille henkilöille tuotetut palvelut sekä kollektiivisesti tuotetut palvelut.

Yksittäisille henkilöille tuotetuista vapaa-aika-, kulttuuri- ja uskonnollisista palveluista aiheutuneet menot luokitellaan ryhmiin (08.1)-(08.2). Kollektiivisten palvelujen menot luokitellaan ryhmiin (08.3)-(08.6).

Kollektiiviset palvelut tuotetaan yhteiskunnalle kokonaisuutena. Ne liittyvät julkisen politiikan suunnitteluun ja hallintoon, vapaa-aika-, kulttuuri- ja uskontopalveluja koskevan lainsäädännön ja standardien laadintaan ja toimeenpanoon sekä vapaa-aika-, kulttuuri- ja uskontopalveluihin liittyvään soveltavaan tutkimukseen ja kokeelliseen kehittämiseen.",,,2001-01-01,
081,9631eba5-10db-40bc-855a-659ee4a09baf,VALID,Virkistys- ja urheilupalvelut,,,,2001-01-01,
0810,76f964c8-7237-4bdf-8351-e0f28e473198,VALID,Virkistys- ja urheilupalvelut,"Urheilu- ja virkistyspalveluiden tarjonta ja hallinto; urheilu- ja virkistystilojen valvonta ja säätely
- aktiiviseen urheilutoimintaan tai urheilutapahtumiin liittyvä toiminta ja hallinto (pelikentät, tenniskentät, squashkentät, ajoradat, golfkentät, nyrkkeilykanveesit, luistinradat, urheiluhallit jne.)
- muuhun urheilutoimintaan, urheilutapahtumiin tai harrastuksiin liittyvä toiminta ja hallinto (pääasiassa erityisesti varustetut paikat korttien peluuta, lautapelejä ym. varten)
- virkistykseen tarkoitettujen tilojen toiminta ja hallinto (puistot, uimarannat, leirintäalueet ja niihin liittyvät ei-kaupallisella pohjalla järjestetyt majoituspaikat, uima-altaat, yleiset saunat jne.).

Avustukset, lainat tai tuet joukkueille, pelaajille tai yksilölajien edustajille.

Tähän luetaan: 
- katsomotilat
- kansallinen, alueellinen tai paikallinen edustus urheilutapahtumissa.

Tähän ei lueta: 
- eläin- tai kasvitieteellisiä puutarhoja, akvaarioita, arboretumeja ja vastaavia laitoksia (08.2)
- opetuslaitoksiin liittyviä urheilu- ja virkistystiloja (luokitellaan soveltuviin pääryhmän 09 luokkiin).
- Veikkauksen ja raha-arpajaisten voittovaroja nuorisokasvastustyöhön (08.4)",,,2001-01-01,
082,ae5b138b-d838-47ff-9bb0-16359cd07c40,VALID,Kulttuuripalvelut,,,,2001-01-01,
0820,a11cfadb-c510-4782-85a9-fcc2788996f0,VALID,Kulttuuripalvelut,"Kulttuuripalveluiden tarjonta; kulttuuriasioiden hallinto; kulttuuritilojen ja -laitosten valvonta ja säätely.

Kulttuuritoimintoihin liittyvien tilojen (kirjastot, museot, taidegalleriat, teatterit, näyttelyhallit, monumentit, historialliset talot ja paikat, eläin- ja kasvitieteelliset puutarhat, akvaariot, puuistutukset/arboretumit jne.) toiminta ja hallinto 
- kulttuuritapahtumien (konsertit, näyttämö- ja elokuvaproduktiot, taidenäytökset jne.) tuotanto, toiminta ja hallinto.

Avustukset, lainat ja tuet yksittäisille taiteilijoille, kirjailijoille, muotoilijoille, säveltäjille ja muille taiteen parissa työskenteleville tai kulttuuritoimintoja edistäville järjestöille.

Tähän luetaan: kansalliset, alueelliset tai paikalliset juhlat (ei kuitenkaan pääasiassa matkailijoiden / turistien houkuttelemiseksi tarkoitettuja

Tähän ei lueta:
- kulttuuritapahtumia, jotka on tarkoitettu pidettäväksi kansallisten rajojen ulkopuolella (01.1.3)
- kansallisia, alueellisia tai paikallisia juhlia, jotka on tarkoitettu pääasiassa turistien houkutteluun (04.7.3)
- radio- tai televisiojakeluun tarkoitettua kulttuuriaineiston tuotantoa (08.3).
kulttuuriympäristön suojelusta aiheutuvat menot (05.4)",,,2001-01-01,
083,e91e8225-81b6-48f1-b144-074b3cfc353e,VALID,"Radio-, televisio- ja julkaisutoiminta",,,,2001-01-01,
0830,18942b01-a0ef-4ee8-a72f-38b0d76b3d8e,VALID,"Radio-, televisio- ja julkaisutoiminta","Radio-, televisio- ja julkaisuasioihin liittyvä hallinto sekä näiden palveluiden valvonta ja säätely
- radio-, televisio- ja julkaisutoiminta ja toiminnan tukeminen
- valtion elokuvatarkastamon toiminta.

Avustukset, lainat ja tuet: radio- ja televisiotoimintaa varten tarvittavien tilojen rakentamiseksi tai hankkimiseksi
- sanoma- tai aikakauslehtien tai kirjojen julkaisemista varten tarvittavien tilojen ja laitteiden rakentamiseksi tai materiaalien hankkimiseksi
- aineiston tuottamiseksi ja sen esittämiseksi radion tai television välityksellä
uutisten tai muun aineiston keräämiseksi
- julkaistujen teosten jakeluun.

Tähän ei lueta:
-painatuskeskuksia ja kirjapainoja (01.3.3)
-radion tai television kautta tarjottua opetusta (09).",,,2001-01-01,
084,1f714c26-433c-48bf-ac2f-86fca1e74546,VALID,Uskonnollisten ja aatteellisten yhteisöjen tukeminen,,,,2001-01-01,
0840,d7198252-6f72-4323-a55f-fb199542c13b,VALID,Uskonnollisten ja aatteellisten yhteisöjen tukeminen,"Uskonnollisten ja yhteisöpalveluiden hallinto
- tilojen hankinta uskonnollisia ja muita yhteisöpalveluita varten, mukaan luettuna niiden toiminnan, ylläpidon tai korjauksen tukeminen
- papiston ja muiden uskonnollisten yhteisöjen toimihenkilöiden palkkaus
uskonnollisten palvelusten järjestämisen tukeminen.

Avustukset, lainat tai tuet veljes-, kansalais-, nuoriso- ja sosiaalisille järjestöille tai ammatillisille järjestöille sekä poliittisille puolueille.

Tähän luetaan: 
- Veikkauksen ja raha-arpajaisten voittovarat nuorisokasvatustyöhön",,,2001-01-01,
085,bf60316f-4fba-439f-9b87-4bb520d7dc17,VALID,Virkistys- ja kulttuuritoiminnan ja uskonnon tutkimus ja kehittäminen,,,,2001-01-01,
0850,2c082520-a8e2-419b-9edc-fef1993ce79a,VALID,Virkistys- ja kulttuuritoiminnan ja uskonnon tutkimus ja kehittäminen,"Vapaa-aikaan, kulttuuriin ja uskontoon liittyvää soveltavaa tutkimusta ja kokeellista kehittämistä hoitavien julkisen sektorin yksiköiden hallinto ja toiminta.

Avustukset, lainat ja tuet tutkimuslaitoksille, yliopistoille ja muille julkisen hallinnon ulkopuolisille yksiköille vapaa-aikaan, kulttuuriin ja uskontoon liittyvään soveltavaan tutkimukseen tai kokeelliseen kehittämiseen.

Tähän ei lueta: perustutkimusta (01.4).",,,2001-01-01,
086,ed265a11-3627-49ef-8ebc-bcbaa46e13ad,VALID,"Virkistys- , kulttuuri- ja uskonnolliset palvelut, muualla luokittelematon",,,,2001-01-01,
0860,2f295210-0420-445c-800b-ef791f79ffbf,VALID,"Virkistys- , kulttuuri- ja uskonnolliset palvelut, muualla luokittelematon","Urheilun, virkistyksen, kulttuurin sekä uskonnon edistämiseksi laadittujen yleispolitiikkojen, suunnitelmien, ohjelmien ja budjettien laadinnan, hallinnon, koordinoinnin sekä seurannan hallinto, toiminta tai tukeminen
- vapaa-aika- ja kulttuuripalvelujen järjestämistä koskevan lainsäädännön sekä standardien valmistelu ja toimeenpano.

Vapaa-aikaa, kulttuuria ja uskontoa koskevien yleisten tietojen, teknisen dokumentoinnin sekä tilastojen tuotanto ja jakelu.

Tähän luetaan: vapaa-aikaan, kulttuuriin ja uskontoon liittyvät asiat ja palvelut, joita ei voida lukea ryhmiin (08.1)-(08.5).",,,2001-01-01,
09,7f6ccccb-1deb-4ff0-b71f-5d11b20278f4,VALID,Koulutus,"Julkisiin koulutusmenoihin sisältyvät yksittäisille koululaisille tai opiskelijoille tuotetut palvelut sekä kollektiivisesti tuotetut palvelut. Ryhmiin (09.1) - (09.4) luokitellaan koulujärjestelmässä annettava koulutus. Koulujärjestelmäkoulutuksella tarkoitetaan pitempikestoista, pääsääntöisesti kokopäivätoimisesti järjestettyä tutkintoon tai koulutusammattiin johtavaa koulutusta. 

Koulujärjestelmän ulkopuolisella koulutuksella tarkoitetaan sellaista koulutusta, joka ei johda tutkintoon; koulutuksen järjestäjinä voivat olla yritykset, yhdistykset, järjestöt jne. mutta myös koululaitosjärjestelmään kuuluva oppilaitos. Koulujärjestelmän ulkopuolinen koulutus luokitellaan ryhmään (09.5). 

Yksittäisille henkilöille tuotetuista koulutuspalveluista aiheutuneet menot luokitellaan ryhmiin (09.1)-(09.6). Kollektiivisten palvelujen menot luokitellaan ryhmiin (09.7) ja (09.8).

Kollektiiviset koulutuspalvelut liittyvät julkisen koulutuspolitiikan suunnitteluun ja hallintoon; standardien laadintaan ja toimeenpanoon; koulutuslaitoksia koskevaan säätelyyn, lupien myöntämiseen ja valvontaan; ja koulutukseen liittyvään soveltavaan tutkimukseen ja kokeelliseen kehittämiseen.

Koulu-, opisto- jne. ryhmien hallintoon tai toimintaan liittyvien yleiskustannusten katsotaan olevan yksittäisiä palveluita koskevia kustannuksia ja luokitellaan soveltuviin ryhmiin (09.1)-(09.6).

Opetuksen luokittelu perustuu YK:n Koulutus-, tiede- ja kulttuurijärjestön (UNESCO) Kansainvälisen koulutusluokituksen 1997 (ISCED-97) tasoryhmiin.

Tähän pääryhmään luetaan:
- sotilaskoulut ja -opistot, joiden opetusohjelma muistuttaa siviililaitosten opetusohjelmaa
- poliisiopistot, jotka tarjoavat yleissivistävää koulutusta poliisikoulutuksen lisäksi
- radion ja television välityksellä tarjottu koulutus. 

Näistä aiheutuneet menot luetaan soveltuviin ryhmiin (09.1)-(09.5).",,,2001-01-01,
091,cb471a12-5350-4aaf-9b8e-1a8f8febb80d,VALID,Esiasteen ja alemman perusasteen koulutus,,,,2001-01-01,
0911,9b6a34ff-cfb1-43ef-ae8e-0321ad9ca98a,VALID,Esiasteen koulutus,"Esiasteen koulutuksen järjestäminen (ISCED-97:n aste 0):
- 6-vuotiaiden esiopetus peruskouluissa ja päiväkodeissa sekä muu päiväkodeissa 3-6-vuotiaille annettu esiopetus 
- vastaavasti peruskoulujen ja päiväkotien hallinto, tarkastus, toiminta tai tukeminen tältä osin.

Tähän ei lueta: koulutuksen tukipalveluita (09.6).",,,2001-01-01,
0912,82b822f7-1f20-458f-a27c-e564b860e352,VALID,Alemman perusasteen koulutus,"Alemman perusasteen koulutuksen järjestäminen (ISCED-97:n aste 1 = peruskoulun luokat 1-6)
- alemman perusasteen koulutusta tarjoavien koulujen ja muiden laitosten hallinto, tarkastus, toiminta tai tukeminen.

Tähän ei lueta: koulutuksen tukipalveluja (09.6).",,,2001-01-01,
092,fa054ce3-79d4-4381-be85-6e5696ed957b,VALID,Ylemmän perusasteen ja keskiasteen koulutus,,,,2001-01-01,
0921,77496dc7-c891-48b6-8938-38c384e46f39,VALID,Ylemmän perusasteen koulutus,"Ylemmän perusasteen koulutus (ISCED-97:n aste 2 = peruskoulun luokat 7-9 ja vapaaehtoinen 10. luokka)
- ylemmän perusasteen koulutusta tarjoavien koulujen ja muiden laitosten hallinto, tarkastus, toiminta tai tukeminen
- stipendit ym. avustukset ja tuet ylemmän perusasteen koulutukseen osallistuville oppilaille.

Tähän ei lueta: koulutuksen tukipalveluja (09.6).",,,2001-01-01,
0922,4bb2aabb-ad4d-43c9-8342-a956062315a2,VALID,Keskiasteen koulutus,"Keskiasteen koulutuksen tarjonta (ISCED-97:n aste 3 = lukio ja keskiasteen ammatillinen koulutus)
- keskiasteen koulutusta tarjoavien koulujen ja muiden laitosten hallinto, tarkastus, toiminta tai tukeminen
- oppisopimuskoulutus
- opintotuki, stipendit ym. avustukset ja tuet keskiasteen koulutukseen osallistuville oppilaille.

Tähän luetaan: -keskiasteen jälkeisen, ei-korkea-asteen, koulutuksen tarjonta (ISCED-97:n aste 4 = erikoisammattitutkinnot)

Tähän ei lueta: koulutuksen tukipalveluja (09.6).",,,2001-01-01,
093,5092ca7d-8a3e-46f8-811e-c8b762f493ae,VALID,"Keskiasteen jälkeinen, ei-korkea-asteen koulutus",,,,2001-01-01,
0930,134acf74-ee78-40e1-9ae6-16536c79fea1,VALID,"Keskiasteen jälkeinen, ei-korkea-asteen koulutus",Ei käytetä Suomessa. Yhdistetty kohtaan 09.2.2 Keskiasteen koulutus.,,,2001-01-01,
094,99a8e134-f133-423e-aaeb-7e4cec88de07,VALID,Korkea-asteen koulutus,,,,2001-01-01,
0941,64c68b47-4e2b-4ad7-bbc4-ded93396e7f2,VALID,Korkea-asteen koulutus pl. tieteellinen jatkokoulutus,"Korkea-asteen koulutuksen tarjonta tieteellistä jatkokoulutusta lukuun ottamatta (ISCED-97:n aste 5 = yliopistojen alemmat ja ylemmät korkeakoulututkinnot, ammattikorkeakoulututkinnot) 
- korkea-asteen opetusohjelmia, jotka eivät ole tieteellistä jatkokoulutusta, tarjoavien koulujen ja muiden laitosten hallinto, tarkastus, toiminta tai tukeminen
- varastokirjaston hoito
- opintotuki, apurahat, stipendit ym. avustukset ja tuet korkea-asteen opetusohjelmiin osallistuville opiskelijoille.

Tähän luetaan: 
- ammatillinen koulutus alimmalla korkea-asteella (ammatillinen koulutus opistoasteella ja ammatillisella korkea-asteella).
- lääketieteen, eläinlääketieteen, hammaslääketieteen ja odontologian lisensiaatin koulutus

Tähän ei lueta: 
- koulutuksen tukipalveluja (09.6).",,,2001-01-01,
0942,785ca708-873b-4c11-936b-1149d18fffac,VALID,Tieteellinen jatkokoulutus korkea-asteella,"Tieteellistä jatkokoulutusta olevan korkea-asteen koulutuksen tarjonta (ISCED-97:n aste 6 = lisensiaatin ja tohtorin tutkinnot)
- tieteellistä jatkokoulutusta tarjoavien koulujen ja muiden laitosten hallinto, tarkastus, toiminta tai tukeminen
- opintotuki, apurahat, stipendit ym. avustukset ja tuet tieteellisen jatkokoulutuksen opetusohjelmiin osallistuville opiskelijoille.

Tähän ei lueta: 
- koulutuksen tukipalveluja (09.6).
- lääketieteen, eläinlääketieteen, hammaslääketieteen ja odontologian lisensiaatin koulutusta (09.4.1).",,,2001-01-01,
095,c212364a-a009-415e-b436-28c940a1bc5a,VALID,Tutkintoon johtamaton koulutus,,,,2001-01-01,
0950,20259d1f-4cc6-4f4e-97fc-e5009e44d520,VALID,Tutkintoon johtamaton koulutus,"Sellaisen koulutuksen tarjonta, jonka ISCED-97:n astetta ei ole määritelty ja joka ei edellytä mitään aiempaa koulutusta eikä johda tutkintoon, esimerkiksi ammatillinen jatko- ja täydennyskoulutus, kielikurssit ja kulttuuriopetus.
- tällaisia opetusohjelmia tarjoavien koulujen ja muiden laitosten hallinto, tarkastus, toiminta tai niiden toiminnan tukeminen
- stipendit ym. avustukset ja tuet po. opetusohjelmiin osallistuville oppilaille.",,,2001-01-01,
096,52a4759b-1a3d-4b71-9759-f43e6a9e314a,VALID,Koulutuksen tukipalvelut opiskelijoille,,,,2001-01-01,
0960,98eea03b-6897-48d3-af72-ed715db54d3c,VALID,Koulutuksen tukipalvelut opiskelijoille,"Opintososiaaliset palvelut ja muut koulutukseen liittyvät tukipalvelut:
- Koululaisille ja opiskelijoille tarjottavat kuljetus-, ruokailu-, majoitus-, terveydenhoito-, hammashoito- ja muut palvelut sekä niihin liittyvä hallinto, tarkastus, toiminta tai tukeminen. Luokkaan kuuluvat kaikki po. palvelut ISCED-asteesta riippumatta. 

Tähän ei lueta: 
- koulun terveystarkastus- ja ennaltaehkäiseviä terveydenhuoltopalveluita (07.4)
opintotukea so. opintorahaa, korkotukia, korkoavustusta, takausvastuusuorituksia (09.1)-(09.5)
- stipendejä, avustuksia ym. muita rahamuotoisia avustuksia tukipalvelukustannusten kattamiseen (09.1)-(09.5).",,,2001-01-01,
097,7bd04457-07de-493b-a435-177261a0d552,VALID,Koulutuksen tutkimus ja kehittäminen,,,,2001-01-01,
0970,1e7c96cd-f634-4b4b-a32e-c92a65185c06,VALID,Koulutuksen tutkimus ja kehittäminen,"Koulutukseen liittyvää soveltavaa tutkimusta ja kokeellista kehittämistä tekevien julkisen sektorin yksiköiden hallinto ja toiminta
- avustukset, lainat ja tuet tutkimuslaitoksille ja yliopistoille sekä julkisen sektorin ulkopuolisille yksiköille koulutukseen liittyvään soveltavaan tutkimukseen ja kokeelliseen kehittämiseen.

Tähän ei lueta: perustutkimusta (01.4).",,,2001-01-01,
098,e76f27d4-27ef-4922-b0fc-f518d9421606,VALID,"Koulutus, muualla luokittelematon",,,,2001-01-01,
0980,ccff4f66-5e1f-4126-ae3f-7da676e69644,VALID,"Koulutus, muualla luokittelematon","Yleisen koulutuspolitiikan, koulutusta koskevien suunnitelmien, ohjelmien ja budjettien laadinnan, hallinnon, koordinoinnin ja seurannan hallinto, toiminta tai tukeminen
- koulutusta koskevan lainsäädännön ja standardien valmistelu ja toimeenpano mukaan luettuna koulutuslaitosten lupien myöntäminen
- koulutusta koskevien yleisten tietojen, teknisen dokumentoinnin ja tilastojen tuotanto ja jakelu.

Tähän luetaan: sellaiset koulutusasiat ja -palvelut, joita ei voida lukea ryhmiin (09.1)-(09.7).",,,2001-01-01,
10,ab87faae-05b8-4758-a86e-23cf584edf55,VALID,Sosiaaliturva,"Julkisiin sosiaaliturvamenoihin luetaan yksittäisille henkilöille ja kotitalouksille julkisista varoista tuotetut palvelut sekä kollektiivisesti tuotetut palvelut. 
Yksittäisille henkilöille tuotetuista sosiaaliturvapalveluista aiheutuneet menot luokitellaan ryhmiin (10.1) -(10.7). Kollektiivisten palvelujen menot luokitellaan ryhmiin (10.8) ja (10.9).

Kollektiivisiin sosiaaliturvapalveluihin luetaan julkisen sosiaaliturvapolitiikan suunnittelu ja hallinto; sosiaaliturvan järjestämistä koskevien standardien laadinta ja toimeenpano; ja sosiaaliturvaan liittyvä soveltava tutkimus ja kokeellinen kehittäminen.

Sosiaaliturvaan kuuluvat tehtävät ja niiden määritelmät perustuvat Euroopan yhteisöjen tilastotoimiston (Eurostat) Euroopan yhtenäistettyjen sosiaaliturvatilastojen järjestelmään 1996 (ESSPROS).

Sosiaaliturva käsittää kaikki julkisten tai yksityisten organisaatioiden toimenpiteet, joiden tarkoituksena on turvata kotitalouksien ja yksittäisten henkilöiden peruspalvelut ja toimeentulo riskien kohdatessa. Näitä ovat:

1.	Sairaus ja terveys
2.	Toimintarajoitteisuus
3.	Vanhuus
4.	Leski ja muut edunsaajat
5.	Perhe ja lapset
6.	Työttömyys
7.	Asuminen
8.	Sosiaalinen syrjäytyminen ja muu edellä luokittelematon riski.

Sosiaaliturvaan ei lueta sellaisia toimenpiteitä, jotka tapahtuvat vastavuoroisuuden periaatteella ja yksilöllisinä järjestelyinä.",,,2001-01-01,
101,7c9bcc91-f606-46e5-a982-89af0808b831,VALID,Sairaus ja toimintarajoitteisuus,,,,2001-01-01,
1011,f7506ce0-d059-4204-873d-f323c60d9150,VALID,Sairaus,"Sosiaaliturvaetuudet rahana tarkoituksena korvata sairauden tai vamman aiheuttamat ansionmenetykset lyhytaikaisen työkyvyttömyyden aikana osittain tai kokonaan:
- Po. sosiaaliturvajärjestelmien hallinto, toiminta ja tukeminen

Toimeentuloturva: rahana maksettavat etuudet, kuten esimerkiksi:
- sairausvakuutuksen päiväraha
- tapaturmavakuutuksen päiväraha
- liikennevakuutuksen ja sairauskassojen päivärahat
- ansioihin suhteutetut sairasloman palkat 
- vakuutuskorvaukset (sairausvakuutus, tapaturmavakuutukset, liikennevakuutus, avustuskassat)

Tähän luetaan myös palvelut, kuten esimerkiksi:
- kotiapu, kuljetuspalvelut ja muu päivittäiseen selviytymiseen tarkoitettu apu lyhytaikaisen työkyvyttömyyden ajalta",,,2001-01-01,
1012,05a4db2b-5079-4bbf-8aa6-0b313663e81f,VALID,Toimintarajoitteisuus,"Sosiaaliturvaetuudet rahana tai palveluina henkilöille, jotka ovat pysyvän tai pitkäaikaisen työkyvyttömyyden vuoksi kokonaan tai osittain kyvyttömiä ansiotyöhön tai selviytymään päivittäisistä tehtävistä:
- Po. sosiaaliturvajärjestelmien hallinto, toiminta tai tukeminen

Toimeentuloturva: rahana maksettavat etuudet, kuten esimerkiksi:
- työkyvyttömyyseläkkeet
- yksilölliset varhaiseläkkeet
- lapsen hoitotuet; erityishoitoraha
- vammaistuki
- tapaturmavakuutusten eläkkeet, liikennevakuutuksen jatkuvat korvaukset
- kuntoutusrahat
- sotilastapaturmakorvaukset
-muut toimintarajoitteisuuden perusteella, toistuvasti maksettavat sosiaalietuudet ja kertasuoritukset

Palvelut, kuten esimerkiksi:
- vammaisten laitoshuolto (majoitus ja mahdollinen täysihoito vammaisten laitoksissa ym.)
- vammaispalvelut
-suojatyö ja kehitysvammatoiminta
-kuntoutuspalvelut
- muut kuntien järjestämät vammaisille tarkoitetut palvelut (asumispalvelut, perhe- ja päivähoito, päivä-/palvelukeskukset ja palvelutalot)

Tähän ei lueta: Rahana tai palveluna suoritetut etuudet normaalin eläkeiän saavuttaneille vammaisille henkilöille; nämä kuuluvat ryhmään (10.2).",,,2001-01-01,
102,e0c2691e-5538-453f-af9f-f800b63e12a2,VALID,Vanhuus,,,,2001-01-01,
1020,01803c6a-a3d4-4d7a-b139-9ca624a38c53,VALID,Vanhuus,"Raha- tai luontoismuotoisen sosiaaliturvan järjestäminen vanhuuteen liittyviä riskejä vastaan (tulojen menetys, riittämättömät tulot, kyvyttömyys hoitaa päivittäisiä tehtäviä, sosiaaliseen tai yhdyskuntaelämään osallistumisen vähentyminen jne.
edellä mainittujen sosiaaliturvajärjestelmien hallinto, toiminta ja tukeminen

Toimeentuloturva: rahana maksettavat etuudet, kuten esimerkiksi:
- vanhuuseläkkeet normaalin eläkeiän saavuttaneille
- varhaiseläkkeet työntekijöille, jotka jäävät eläkkeelle ennen normaalin eläkeiän saavuttamista
- osa-aikaeläkkeet, joita maksetaan joko ennen normaalin eläkeiän saavuttamista tai sen jälkeen vanhemmille työntekijöille, jotka jatkavat työntekoa mutta vähentävät työaikaansa
- sukupolvenvaihdoseläkkeet; luopumiskorvaukset/-eläkkeet
- rintamaveteraanieläkkeet
- muut määräajoin toistuvat tai kertasuorituksena eläkkeelle jäätäessä tai vanhuuden perusteella maksettavat maksut

Palvelut, kuten esimerkiksi:
- vanhusten laitoshuolto (pl. sairaalahoito)
- kotipalvelut (kodinhoitoapu ja tukipalvelut)
- omaishoidon tuki
- muut palvelut (päivähoito, päivä- ja palvelukeskukset. palvelutalot, perhehoito)
- majoitus ja mahdollinen täysihoito muissa kuin terveydenhuollon laitoksissa tai laitoksissa 
- hoitotuki ja saattajapalvelut
- erilaiset vanhuksille tarjotut palvelut ja tavarat, jotta he kykenisivät osallistumaan vapaa-aika- ja kulttuuritoimintoihin tai matkustamaan tai osallistumaan yhdyskuntaelämään.

Tähän luetaan: sotilashenkilöstön ja julkisen sektorin työntekijöiden eläkejärjestelmät.",,,2001-01-01,
103,01e36f90-805c-4b86-ad8d-7fa6398d14b7,VALID,Lesket ja muut edunsaajat,,,,2001-01-01,
1030,7eb98bf6-cdfb-411e-aa5b-63cdd3b6f551,VALID,Lesket ja muut edunsaajat,"Sosiaaliturvan järjestäminen rahana ja palveluina kuolleiden henkilöiden omaisille (kuten henkilön puoliso, entinen puoliso, lapset, lapsenlapset, vanhemmat tai muut sukulaiset)
- edellä mainittujen sosiaaliturvajärjestelmien hallinto, toiminta tai tukeminen

Toimeentuloturva: rahana maksettavat etuudet, kuten esimerkiksi:
- perhe-eläkkeet (lesken ja muiden edunsaajien eläkkeet)
- työntekijän ryhmähenkivakuutus
- hautausavustus.",,,2001-01-01,
104,4e4cf768-f8b7-48e3-8186-2d624185cbfd,VALID,Perhe ja lapset,,,,2001-01-01,
1040,7142562a-8f2e-4d1d-9a0b-89bae0bc6c3a,VALID,Perhe ja lapset,"Rahamuotoisen tai luontoismuotoisen sosiaaliturvan tarjoaminen kotitalouksille, joilla on alaikäisiä lapsia sekä näiden järjestelmien hallinto, toiminta tai tukeminen

Toimeentuloturva: rahana maksettavat etuudet, kuten esimerkiksi:
- äitiysavustus rahana; äitiysrahakauden palkka
- vanhempainrahat tai lapseen liittyvät avustukset: lasten kodinhoidon tuki, - lapsilisä, elatustuki

Palvelut, kuten esimerkiksi:
- lasten päivähoito
- yksityisen hoidon tuki
- äitiysavustuspaketti
- lasten ja nuorten laitoshoito (lastenkodit, koulukodit jne.)
- kodinhoitoapu
- muut palvelut (kasvatus- ja perheneuvonta, lasten ja nuorten perhehuolto, suojeluvalvonta, ensi- ja turvakodit)

Tähän luetaan: perhesuunnittelupalvelut silloin kun ne on organisoitu  terveydenhuollon ulkopuolelle.

Tähän ei lueta: maksuja kasvatusperheille (10.07).",,,2001-01-01,
105,3b18ee58-f02a-4526-8f08-29bf427068c3,VALID,Työttömyys,,,,2001-01-01,
1050,09d7bbec-1526-42a0-8705-45ed0fca8ccb,VALID,Työttömyys,"Sosiaaliturvan tarjoaminen rahana tai palveluina henkilöille, jotka ovat työkykyisiä mutta eivät pysty löytämään sopivaa työtä
- edellä mainitun sosiaaliturvan hallinto, toiminta tai tukeminen

Toimeentuloturva: rahana maksettavat avustukset ja etuudet, kuten esimerkiksi:
- peruspäiväraha
- työttömyyseläke
- työmarkkinatuki
- eroraha
- muut työttömille maksettavat korvaukset
- liikkuvuusavustus yksittäiselle henkilölle.

Tähän ei lueta:
- työllisyyden edistämiseen tähtääviä yleisiä ohjelmia tai järjestelmiä (04.1.2), joiden tarkoituksena on lisätä työvoiman liikkuvuutta tai alentaa epäedullisessa asemassa olevien tai muiden vastaavanlaisten ryhmien työttömyyttä
- raha- ja luontoismuotoisia avustuksia työttömille henkilöille heidän saavuttaessaan normaalin eläkeiän (10.2).",,,2001-01-01,
106,94048378-acec-4cf0-9649-680478545b63,VALID,Asuminen,,,,2001-01-01,
1060,1c52bc1b-1dbb-42e0-b001-11a8558ba550,VALID,Asuminen,"Tarveharkintaisen palvelumuotoisen sosiaaliturvan tarjoaminen kotitalouksille asumiskustannusten kattamisessa auttamiseksi sekä tämän järjestelmän hallinto, toiminta tai tukeminen, kuten esimerkiksi:
- asumistuki vuokra-asunnoissa asuville
- asumistuki omistusasunnoissa asuvien asumiskustannusten helpottamiseksi (mukaan lukien kuoletukset ja korkojen maksu).",,,2001-01-01,
107,806bff15-fdee-4821-9d4b-131e8e361551,VALID,"Sosiaalinen syrjäytyminen, muualla luokittelematon",,,,2001-01-01,
1070,8eade2ae-1339-4613-a020-9e865cd364d4,VALID,"Sosiaalinen syrjäytyminen, muualla luokittelematon","Sosiaaliturva rahana tai palveluina henkilöille, jotka ovat vaarassa joutua sosiaalisesti syrjäytyneeksi köyhyyden, matalapalkkaisuuden, maahanmuuton, kansallisuutensa, pakolaisuuden, alkoholin tai muiden aineiden väärinkäytön, rikollisen väkivallan uhrina jne.)

Edellä mainittujen sosiaaliturvajärjestelmien hallinto ja toiminta

Toimeentuloturva: rahana maksettavat etuudet, kuten esimerkiksi:
- toimeentulotuki
- sotilasavustus
- palkkaturva
- muut rahana maksettavat etuudet.

Palvelut, kuten esimerkiksi:
- pakolaishuolto
- päihdehuolto
- muut palvelut.",,,2001-01-01,
108,e8a5e5f8-a3b9-40a7-8e18-94e2032d2db9,VALID,Sosiaaliturvan tutkimus ja kehittäminen,,,,2001-01-01,
1080,0c186895-d2bc-4a7d-a497-cd65893bc2cc,VALID,Sosiaaliturvan tutkimus ja kehittäminen,"Sosiaaliturvaan liittyvää soveltavaa tutkimusta ja kokeellista kehittämistä hoitavien julkisen sektorin yksiköiden hallinto ja toiminta.

Avustukset, lainat ja tuet tutkimuslaitoksille, yliopistoille ja muille julkisen hallinnon ulkopuolisille yksiköille sosiaaliturvaan liittyvään soveltavaan tutkimukseen ja kokeelliseen kehittämiseen.

Tähän ei lueta: perustutkimusta (01.4).",,,2001-01-01,
109,d07ff1f2-914e-47e9-a1cf-6258362f0a67,VALID,"Sosiaaliturva, muualla luokittelematon",,,,2001-01-01,
1090,bc6c5c9c-4c87-4f15-ab99-602080a5a668,VALID,"Sosiaaliturva, muualla luokittelematon","Yleisen sosiaaliturvapolitiikan, sosiaaliturvaa koskevien suunnitelmien, ohjelmien ja budjettien laadinta, niiden hallinto, seuranta, koordinointi tai tukeminen
- sosiaaliturvaa koskevan lainsäädännön ja standardien valmistelu ja toimeenpano
- sosiaaliturvaa koskevien yleisten tietojen, teknisen dokumentoinnin ja tilastojen tuotanto ja jakelu.

Tähän luetaan:
- sosiaaliturvan tarjonta raha- tai luontoismuotoisten avustusten muodossa tulipalojen, tulvien, maanjäristysten ja muiden rauhanajan katastrofien uhreille
- elintarvikkeiden, varusteiden ja muiden tarvikkeiden hankinta ja varastointi käytettäväksi hätätilassa rauhanajan katastrofien yhteydessä
- muut sosiaaliturva-asiat ja -palvelut, joita ei voida luokitella em. ryhmiin (10.1)-(10.8).",,,2001-01-01,
