ID,URI,STATUS,HIERARCHYLEVEL,CODEVALUE,BROADER,PREFLABEL_FI,PREFLABEL_SV,PREFLABEL_EN,DESCRIPTION_FI,,STARTDATE,ENDDATE,SHORTNAME
c3116a45-541a-4995-b8c6-526b32db39d3,http://urn.fi/URN:NBN:fi:au:ptvl:v1001,VALID,,P1,,Asuminen,Boende,Housing,"Tähän palveluluokkaan kuuluvat asunnon etsiminen, löytäminen ja hankkiminen, erilaiset asumismuodot, asumisen taloudelliset tuet, Suomen sisällä tapahtuvaan muuttoon liittyvät prosessit ja palvelut sekä väestötietojärjestelmään liittyvät palvelut.",,,,
b47a9db8-4b22-42e6-bdf7-c8bfe7065098,http://urn.fi/URN:NBN:fi:au:ptvl:v1002,VALID,,P1.1,P1,Vuokra-asuminen,Hyresboende,Rental housing,"Tässä palvelualaluokassa käsitellään vuokra-asuntojen saatavuuden ja hintatietojen palvelut, vuokrasopimusasiat, vuokralaisen oikeudet ja velvollisuudet sekä asunnon vuokralle antaminen ja jälleenvuokraaminen. Luokkaan kuuluvat myös vuokra-asunnon etsimiseen ja hankkimiseen liittyvät palvelut.",,,,
4fc1913c-097b-41fe-b9aa-e433ae9dafda,http://urn.fi/URN:NBN:fi:au:ptvl:v1003,VALID,,P1.2,P1,Omistusasuminen,Ägarboende,Owner-occupied housing,"Tähän palvelualaluokkaan kuuluvat kuuluvat asunnon rahoitukseen ja verotukseen liittyvät asiat, asuntojen myyntihintatietoihin liittyvät palvelut sekä kaupan ehtoihin ja mahdollisiin riitatilanteisiin liittyvät asiat. Luokkaan kuuluvat myös omistusasunnon etsimiseen ja hankkimiseen liittyvät palvelut.",,,,
2bdbfb70-7f21-477e-bf94-4039bf5e95b2,http://urn.fi/URN:NBN:fi:au:ptvl:v1004,VALID,,P1.3,P1,Osaomistus- ja asumisoikeusasuminen,Delägar- och bostadsrättsboende,Partial ownership and right-of-occupancy housing,"Tähän palvelualaluokkaan kuuluvat kuuluvat näihin asumismuotoihin liittyvät haku- ja rahoitusmenettelyt sekä hakemisen edellytykset. Luokkaan kuuluvat myös osaomistus- tai asumisoikeusasunnon etsimiseen ja hankkimiseen liittyvät palvelut.",,,,
024dc9f8-981d-4669-96ce-a71672680677,http://urn.fi/URN:NBN:fi:au:ptvl:v1005,VALID,,P1.4,P1,Asumisen tuet,Stöd för boende,Housing benefits,"Tähän palvelualaluokkaan kuuluvat kuuluvat eri tukityypit, tuen saamisen edellytykset eri väestöryhmissä ja tilanteissa sekä tuen suuruuden perusteet ja tukilaskurit.",,,,
e817b188-ed40-4dd1-9151-a8002ce0d296,http://urn.fi/URN:NBN:fi:au:ptvl:v1006,VALID,,P1.5,P1,Muuttaminen Suomen sisällä ja väestötiedot,Flyttning inom Finland och befolkningsuppgifter,Migration within Finland and population information,"Tässä palvelualaluokassa käsitellään muuttamiseen liittyvät velvoitteet ja ilmoitus- ja asiointipalvelut sekä väestötietojärjestelmään liittyvät asiat kuten nimet ja nimenmuutokset, rakennustiedot ja turvakiellot.",,,,
b3e304bd-c4d7-4cbb-a8a8-3ed17265053b,http://urn.fi/URN:NBN:fi:au:ptvl:v1007,VALID,,P2,,Rakennettu ympäristö,Bebyggd miljö,Built environment,"Tässä palveluluokassa käsitellään julkiseen ja asumiskäyttöön tarkoitettuja rakennuksia sekä yleensä kiinteistöihin ja niiden käyttöön liittyvää kunnallista infrastruktuuria ja sen palveluja.",,,,
c62d12a2-64fc-4163-b0df-be5d93e17677,http://urn.fi/URN:NBN:fi:au:ptvl:v1008,VALID,,P2.1,P2,Rakentaminen,Byggande,Construction,"Tässä alapalveluluokassa käsitellään rakentamiseen liittyviä asioita yksityisen rakentajan palvelujen näkökulmasta. Keskeisiä asioita ovat esimerkiksi rakentamisen luvat ja lupaprosessit, rakennusvalvonnasta huolehtiminen, remontointi ja korjausrakentaminen sekä rakentamiseen liittyvät veroasiat.",,,,
528bab39-09ad-4067-9d60-67fa9269dc16,http://urn.fi/URN:NBN:fi:au:ptvl:v1009,VALID,,P2.2,P2,Korjaus- ja energia-avustukset,Reparations- och energibidrag,Renovation and energy grants,"Tässä alapalveluluokassa käsitellään palvelunäkökulmasta korjausrakentamiseen ja rakennuksen energiatehokkuuden lisäämiseen tarkoitettuja avustuksia, niiden hakuprosesseja ja niihin liittyviä asiointipalveluja.",,,,
d228a638-dc5e-449a-b3d7-4cb0650f81ab,http://urn.fi/URN:NBN:fi:au:ptvl:v1010,VALID,,P2.3,P2,"Maankäyttö, kaavoitus ja tontit","Markanvändning, planering och tomter","Land use, land use planning and sites","Tässä alapalveluluokassa käsitellään maakuntakaavoja, yleiskaavoja ja asemakaavoja, niihin liittyviä vaikuttamismahdollisuuksia sekä kaavoitetun maan ja tonttien kauppaa ja vuokraamista, mukaan lukien yritystontit.",,,,
fac10f38-3981-4268-a410-4a8aeac51564,http://urn.fi/URN:NBN:fi:au:ptvl:v1011,VALID,,P2.4,P2,Kiinteistöt,Fastigheter,Properties,"Tässä alapalveluluokassa käsitellään palvelujen näkökulmasta kiinteistötietoja sekä kiinteistöjen kauppaa ja verotusta.",,,,
484b0770-52a5-4d3c-8b3f-a47380d038b7,http://urn.fi/URN:NBN:fi:au:ptvl:v1012,VALID,,P2.5,P2,Toimitilat,Kontorslokaler,Premises,"Tähän palvelualaluokkaan kuuluvat yritysten toimitilojen kuten liikehuoneistojen tai varastojen hankintaan ja vuokraukseen liittyvät palvelut.",,,,
64e27931-4dc8-405e-b16b-cbff31753168,http://urn.fi/URN:NBN:fi:au:ptvl:v1013,VALID,,P3,,Perheiden palvelut,Tjänster för familjer,Services for families,"Tässä palveluluokassa käsitellään lapsiperheen palveluja, jotka pääosin kattavat ajanjakson raskausajasta nuoren täysi-ikäiseksi tulemiseen. Palveluluokan sisällössä perheen palveluja ja tilanteita tarkastellaan useiden toimijoiden, tilanteiden ja näkökulmien kautta.",,,,
bea9b3ea-ab0a-4f0e-9bda-328100f3d949,http://urn.fi/URN:NBN:fi:au:ptvl:v1014,VALID,,P3.1,P3,Parisuhde,Parförhållande,Intimate relationship,"Tässä alapalveluluokassa käsitellään avioliittoa, avoliittoa ja rekisteröityä parisuhdetta, eri suhdemuotojen lakisääteisiä velvoitteita ja oikeuksia, suhteeseen mahdollisesti liittyviä juridisia sopimuksia sekä suhteen purkamisen prosesseja.",,,,
f92e2df2-c37c-4c4a-8555-71bce85be6d9,http://urn.fi/URN:NBN:fi:au:ptvl:v1015,VALID,,P3.2,P3,Lapsen saaminen,Att få barn,Having a child,"Tässä alapalveluluokassa käsitellään raskausajan ja lapsen vauva-ajan palveluja ja taloudellisia tukia perheelle. Tähän alaluokkaan kuuluvat myös lapsettomuushoidot ja adoptiot sekä nimen antamiseen liittyvät asiat.",,,,
96dc9b54-d718-4fc4-8b6d-15676784976d,http://urn.fi/URN:NBN:fi:au:ptvl:v1016,VALID,,P3.3,P3,Isyyden vahvistaminen,Fastställande av faderskap,Confirmation of paternity,"Tässä alapalveluluokassa käsitellään isyyden tunnustamiseen ja vahvistamiseen liittyviä menettelyjä ja velvoitteita.",,,,
03767b61-d74f-4674-ac81-6a7bd515f46a,http://urn.fi/URN:NBN:fi:au:ptvl:v1017,VALID,,P3.4,P3,Lasten päivähoito,Barndagvård,Day-care for children,"Tähän alapalveluluokkaan kuuluvat pienten lasten päivähoitoon liittyvät lapsen oikeudet, päivähoidon saamisen edellytykset, asiointipalvelut ja hakumenettelyt, erilaiset päivähoidon toteuttamismuodot ja palvelukanavat, hoidon maksut ja niihin liittyvät taloudelliset tuet.",,,,
808db97b-5349-43c9-809f-adc726cfc78e,http://urn.fi/URN:NBN:fi:au:ptvl:v1018,VALID,,P3.5,P3,Perheasioiden sovittelu ja perheoikeus,Medling i familjeärenden och familjerätten,Family mediation and family law,"Tässä alapalveluluokassa käsitellään perheasioiden sovittelua palvelun sisällön ja tarkoituksen, lainmukaisuuden, erityisesti perheoikeuden, sekä kunnallisen tarjonnan ja saatavuuden kannoillta.",,,,
d065fb93-ca31-4b0a-b94e-3dd9cb4b980c,http://urn.fi/URN:NBN:fi:au:ptvl:v1019,VALID,,P3.6,P3,Lapsiperheiden sosiaalipalvelut,Socialtjänster för barnfamiljer,Social services for families with children,"Tässä alapalveluluokassa käsitellään erityisesti lapsiperheille suunnattuja taloudellisia tukia ja etuuksia sekä niitä koti- ja tukipalveluja, jotka eivät kuulu perheneuvonnan tai lastensuojelun piiriin.",,,,
4ba07286-178f-497a-ac81-c7cf05fa088f,http://urn.fi/URN:NBN:fi:au:ptvl:v1020,VALID,,P3.7,P3,Kasvatus- ja perheneuvonta,Rådgivning i uppfostrings- och familjefrågor,Developmental and family counselling,"Tässä alapalveluluokassa käsitellään lapsiperheille, perheiden vanhemmille ja nuorille suunnattuja neuvontapalveluja.",,,,
20f89ec3-4693-4d1d-93b1-8d9c09dedc8a,http://urn.fi/URN:NBN:fi:au:ptvl:v1021,VALID,,P3.8,P3,Lastensuojelu,Barnskydd,Child welfare,"Tässä alapalveluluokassa käsitellään palveluja, jotka liittyvät perheen kriisien ehkäisemiseen, lapsen tai nuoren kasvuympäristön turvallisuuteen ja erilaisiin sijaiskotiratkaisuihin.",,,,
c0b743af-c64e-481d-bb89-12a45f2eb618,http://urn.fi/URN:NBN:fi:au:ptvl:v1022,VALID,,P3.9,P3,Elatusapu,Underhåll,Child maintenance,"Tässä alapalveluluokassa käsitellään sekä elatusvelvollisen maksamaa elatusapua että Kelan myöntämää elatustukea.",,,,
09bb0f13-3e43-4353-ab36-71aab3d2fc72,http://urn.fi/URN:NBN:fi:au:ptvl:v1023,VALID,,P4,,Sosiaalipalvelut,Socialtjänster,Social services,"Tässä palveluluokassa käsitellään sekä yleisiä että erityisryhmille suunnattuja sosiaalipalveluja, jotka on tarkoitettu kansalaisten arjen, asumisen ja toimeentulon tukemiseen.",,,,
3ebbfb91-dbbb-4a10-8f5d-751a5e91a4d0,http://urn.fi/URN:NBN:fi:au:ptvl:v1024,VALID,,P4.1,P4,Asumispalvelut,Boendetjänster,Housing services,"Tähän alapalveluluokkaan kuuluvat ikääntyneiden ja vammaisten asunto- ja palveluasumisratkaisut (tuettu asuminen, palveluasuminen ja tehostettu palveluasuminen), niihin kuuluvat tuet sekä kotona käytettävät apu- ja tukivälineet. Luokkaan kuuluvat myös huostaanotettujen lasten ja pitkäaikaissairaiden perhehoidon ja päihdekuntoutujien tukiasuminen. Luokkaan eivät kuulu esimerkiksi koti- ja kotisairaanhoitopalvelut, jotka ovat omissa luokissaan.",,,,
5828465e-d699-46d4-bb72-0f62700f81f2,http://urn.fi/URN:NBN:fi:au:ptvl:v1025,VALID,,P4.2,P4,Vanhusten palvelut,Äldretjänster,Services for older people,"Tähän alapalveluluokkaan kuuluvat vanhusten muut kuin asumispalvelut, muun muassa kuntoutus-, kuljetus- ja ystäväpalvelut.",,,,
1f8d68b6-7d91-45a6-bcaa-5bd08811ae18,http://urn.fi/URN:NBN:fi:au:ptvl:v1026,VALID,,P4.3,P4,Kotihoito ja kotipalvelut,Hemvård och hemservice,Home care and home services,"Tähän alapalveluluokkaan kuuluvat erityisesti ikääntyneiden ja vammaisten kotihoitoon ja kotipalveluihin liittyvät palvelut, joilla tuetaan siivouksessa, henkilökohtaisessa hygieniassa, ruoanlaitossa jne. Tähän luokkaan eivät kuulu varsinaiset kotisairaanhoidon palvelut, jotka ovat omassa alapalveluluokassaan.",,,,
27289471-9578-47ca-af49-3fb68ef9a84f,http://urn.fi/URN:NBN:fi:au:ptvl:v1027,VALID,,P4.4,P4,Vammaisten muut kuin asumis- ja kotipalvelut,Andra än boende- och hemservice för personer med funktionsnedsättning,Services for the disabled other than housing and home services,"Tähän alapalveluluokkaan kuuluvat vammaisten muut kuin asumispalvelut, muun muassa kuntoutus-, tulkkaus- ja kuljetuspalvelut.",,,,
dbaf74e9-420f-4085-b576-b4593be13b72,http://urn.fi/URN:NBN:fi:au:ptvl:v1028,VALID,,P4.5,P4,Henkilökohtaisen avustajan palvelut,Personlig assistans,Personal assistant services,"Tähän alapalveluluokkaan kuuluvat henkilökohtaisen avustajan saamisen edellytyksiin, kustannuksiin ja tehtäviin liittyvät asiat. Sekä kotona asuvan että palvelutalossa asuvan avustajapalvelut kuuluvat tähän luokkaan.",,,,
966b394d-f3eb-416c-810a-588ac08cf8be,http://urn.fi/URN:NBN:fi:au:ptvl:v1029,VALID,,P4.6,P4,Perhehoito,Familjevård,Family care,"Tähän alapalveluluokkaan kuuluvat vammaisten, ikääntyneiden, lasten, pitkäaikaissairaiden ja muiden vastaavien ryhmien perhehoitopalvelut, joihin sisältyvät muun muassa palvelujen järjestäminen, hoitosopimukset ja palvelun antajan koulutus.",,,,
be431910-6f1f-4628-b22d-1500217f932b,http://urn.fi/URN:NBN:fi:au:ptvl:v1030,VALID,,P4.7,P4,Kehitysvammahuolto,Omsorgen om utvecklingsstörda,Care for persons with intellectual disabilities,"Tähän alapalveluluokkaan kuuluvat kehitysvammaisten palvelut, jotka kattavat oikeudet, eri kuntoutusmuodot, sosiaalisen tuen, asumisratkaisut ja oireisiin liittyvän erikoisterveydenhoidon.",,,,
c04a346d-da50-4b20-9848-09bfa719e268,http://urn.fi/URN:NBN:fi:au:ptvl:v1031,VALID,,P4.8,P4,Työllistyjän taloudellinen tukeminen,Ekonomiskt stöd för sysselsättning,Financial support for jobseekers,"Tähän alapalveluluokkaan kuuluvat muun muassa työvoimakoulutukseen, työnhakuvalmennukseen, työttömän omaehtoiseen opiskeluun ja kuntouttavaan työtoimintaan liittyvät palvelut.",,,,
f2c026e6-d056-4b38-ade5-89173b3eab5c,http://urn.fi/URN:NBN:fi:au:ptvl:v1032,VALID,,P4.9,P4,Koulu- ja opiskelijahuollon sosiaalipalvelut,Socialtjänster för skol- och studerandevård,Pupil and student welfare social services,"Tähän alapalveluluokkaan kuuluvat koululaisille ja kokopäivisille opiskelijoille tarkoitetut sosiaalipalvelut kuten koulukuraattorin palvelut sekä toisen ja korkea-asteen opiskelijoille suunnatut arjessa pärjäämistä tukevat palvelut, kuten vertaistukiryhmät ja neuvontapalvelut, jotka eivät ole terveyden- tai sairaanhoidon palveluja.",,,,
aa2ea229-d5cd-49fd-ad80-c1d03275b576,http://urn.fi/URN:NBN:fi:au:ptvl:v1033,VALID,,P4.10,P4,Toimeentulotuki,Utkomststöd,Social assistance,"Tässä alapalveluluokassa käsitellään toimeentulotukeen liittyviä asioita kuten tuen eri muotoja, saamisen edellytyksiä, tuen laskennan perusteita ja hakumenettelyjä.",,,,
848daffd-7da6-4eaf-802f-771d128db1a8,http://urn.fi/URN:NBN:fi:au:ptvl:v1034,VALID,,P4.11,P4,Kotouttaminen,Integration,Integration,"Tähän alapalveluluokkaan kuuluvat ensisijaisesti palvelut, jotka liittyvät kotoutumisen edistämistä koskevaan lainsäädääntöön. Näitä ovat muun muassa kielikurssit, kotoutumiskoulutus, työmarkkinapalvelut, alaikäisten maahanmuutajien tukeminen, ja niin edelleen.",,,,
14d023ef-f489-4ba0-9d57-017d2469ee10,http://urn.fi/URN:NBN:fi:au:ptvl:v1035,VALID,,P4.12,P4,Sosiaalipalvelujen vertais- ja vapaaehtoistoiminta,Stöd av likställda och frivilligverksamhet inom socialtjänsterna,Peer and voluntary activities in social services,"Tähän alapalveluluokkaan kuuluvat asiakkaalle sosiaalipalveluna annettava vertaistukitoiminta sekä muut vapaaehtoistoimintaan tukeutuvat sosiaalipalvelut. Vertaistukitoiminta on yksilölle tai ryhmälle annettava sosiaalipalvelu, jossa sosiaalihuollon asiakas saa tukea ja ohjausta sellaisilta ihmisiltä, joilla on samanlainen elämäntilanne tai samanlaisia, omakohtaisia kokemuksia. Vertaistukeen perustuvaa palvelua annetaan muun muassa erityistä tukea tarvitsevalle lapselle tai hänen perheelleen lapsen terveyden tai kehityksen turvaamiseksi. Muista sosiaalipalveluista esimerkiksi tukisuhdetoiminta ja liikkumista tukeva palvelu voidaan toteuttaa vapaaehtoistoiminnan avulla.",,,,
115ca1c3-fb22-494c-be0a-84feca8dfd4c,http://urn.fi/URN:NBN:fi:au:ptvl:v1036,VALID,,P4.13,P4,Sosiaalipalvelujen neuvonta- ja ohjauspalvelut,Socialtjänsternas rådgivnings- och handledningstjänster,Social service advisory and guidance services,"Tähän alapalveluluokkaan kuuluu kansalaisille annettava sosiaalipalveluja koskeva yleinen neuvonta ja ohjaus sekä sosiaalihuollon asiakkaiden tukeminen sosiaalipalveluja koskevissa, esimerkiksi oikeusturvaan ja asiakkuuteen liittyvissä kysymyksissä. Esimerkiksi sosiaaliasiamiehen toiminta kuuluu tähän luokkaan.",,,,
8c4b3f95-815c-4265-8e86-7ec9f8a83b6f,http://urn.fi/URN:NBN:fi:au:ptvl:v1037,VALID,,P4.14,P4,Sosiaalipalvelujen oheis- ja tukipalvelut,Socialtjänsternas sido- och stödtjänster,Social service auxiliary and support services,"Tähän alapalveluluokkaan kuuluvat sosiaalipalveluja täydentävät palvelut, joiden avulla tuetaan palveluyksikön perustehtävää, asiakkaan arkea ja sosiaalipalvelujen saavutettavuutta. Tällaisia ovat esim. ateriapalvelut, vaatehuoltopalvelut, siivouspalvelut, sosiaalista kanssakäymistä edistävät palvelut ja palveluyksikön asiakkaille tarkoitetut sähköiset palvelukanavat.",,,,
44ea1bd9-bf57-479a-b830-1b95316418e3,http://urn.fi/URN:NBN:fi:au:ptvl:v1038,VALID,,P5,,"Terveydenhuolto, sairaanhoito ja ravitsemus","Hälso- och sjukvård, näring","Health and medical care, nutrition","Tässä palveluluokassa käsitellään sekä yleisiä että tietyille ryhmille suunnattuja terveyden- ja sairaanhoidon palveluja. Luokkaan kuuluvat myös lääkkeisiin ja ravitsemukseen liittyvät palvelut sekä kuntoutus terveydenhoidollisen ja lääkinnällisen kuntoutuksen osalta.",,,,
d5659cc7-0337-4dea-860b-70d6c78bd424,http://urn.fi/URN:NBN:fi:au:ptvl:v1039,VALID,,P5.1,P5,Perusterveydenhuolto,Primärvård,Primary health care,"Tähän palvelualaluokkaan kuuluvat palvelut, jotka sijoittuvat perusterveydenhuollon määritelmään: Perusterveydenhuolto edistää, tukee ja ylläpitää väestön terveyttä, hyvinvointia ja toimintakykyä tarjoamalla terveyden- ja sairaanhoidon palveluita. Pääasialliset palvelumuodot ovat kuntalaisten käynnit eriasteisten hoitajien ja lääkäreiden vastaanotoilla ja ympärivuorokautinen sairaanhoito terveyskeskuksessa.  Toiminta perustuu pääosin kunnallista terveydenhuoltoa säätelevään lainsäädäntöön.",,,,
b762118b-91dc-4ab9-ac2d-b3e07364f7fb,http://urn.fi/URN:NBN:fi:au:ptvl:v1040,VALID,,P5.2,P5,Neuvolapalvelut,Rådgivningstjänster,Health clinic services,"Tässä palvelualaluokassa käsitellään kuntien lakisääteisesti järjestämiä äitiys-ja lastenneuvolapalveluja eri toimintamuotoineen.",,,,
9bd3f887-4473-49a6-8194-b289f1f3877a,http://urn.fi/URN:NBN:fi:au:ptvl:v1041,VALID,,P5.3,P5,Rokotukset,Vaccinationer,Vaccinations,"Tässä palvelualaluokassa käsitellään rokotuksia perusterveydenhuollon palveluna, kansanterveyteen kuuluvina ohjelmina että kansalaisen terveyshistoriaan kuuluvana asiana.",,,,
6f03abe1-67ab-4a16-8a1b-b68114ac96c1,http://urn.fi/URN:NBN:fi:au:ptvl:v1042,VALID,,P5.4,P5,"Röntgen, laboratorio ja muut tutkimuspalvelut","Röntgen, laboratorium och övriga undersökningstjänster","Imaging, laboratory and other examination services","Tässä palvelualaluokassa käsitellään terveydenhuollon toimipisteissä annettavia erilaisia kliinisiä potilaan tutkimuspalveluja. Tähän luokkaan eivät kuulu tieteelliseen tutkimukseen liittyvät tutkimuspalvelut.",,,,
e3abce99-f129-4b20-b682-988e3bfc8395,http://urn.fi/URN:NBN:fi:au:ptvl:v1043,VALID,,P5.5,P5,Ensiapu ja päivystys,Förstahjälpen och jouren,First aid and emergency care,"Tässä palvelualaluokassa käsitellään potilaan kiireelliseen hoitoon ja hoitoon hakeutumiseen liittyviä palveluja.",,,,
201a1209-4df9-419d-87d3-b5f136c244c7,http://urn.fi/URN:NBN:fi:au:ptvl:v1044,VALID,,P5.6,P5,Erikoissairaanhoito,Specialiserad sjukvård,Specialised medical care,"Tässä palvelualaluokassa käsiteltävät palvelut sijoittuvat erikoissairaanhoidon määritelmään: Erikoissairaanhoito tarkoittaa sairaalassa annettavaa erikoislääkärien tekemää tutkimusta ja hoitoa. Määritelmän mukaan myös ruumiinavaus ja patologin palvelut kuuluvat tähän.",,,,
577fedce-108e-49c1-bebf-c1b6cbca1d9e,http://urn.fi/URN:NBN:fi:au:ptvl:v1045,VALID,,P5.7,P5,Päihde- ja mielenterveyspalvelut,Tjänster för missbrukare och mentalvårdstjänster,Intoxicant abuse and mental health services,"Tähän palvelualaluokkaan kuuluvat palvelut on kohdennettu päihde- ja muista riippuvuusairauksia sairastaville ja mielenterveyden ongelmista kärsiville. Luokan palvelut voivat olla niin hoitavia, tukevia kuin ennalta ehkäiseviä.",,,,
41d7f0a3-26e3-44a2-9081-7eb2523602ba,http://urn.fi/URN:NBN:fi:au:ptvl:v1046,VALID,,P5.8,P5,Terveystarkastukset,Hälsoundersökningar,Health examinations,"Tähän palvelualaluokkaan kuuluvat sekä säännöllisesti järjestettävät terveystarkastukset (esimerkiksi kouluissa) ja harkinnanvaraiset terveystarkastukset (esimerkiksi työterveydenhuollossa) että tiettyihin sairauksiin liittyvät seulonnat, joita tarjotaan laajoille väestöryhmille.",,,,
a481b8e9-2167-44bb-af78-f05ccfe1ce24,http://urn.fi/URN:NBN:fi:au:ptvl:v1047,VALID,,P5.9,P5,Koulu- ja opiskelijaterveydenhuolto,Skol- och studerandehälsovården,Pupil and student health care,"Tähän alapalveluluokkaan kuuluvat koululaisille ja kokopäivisille opiskelijoille tarkoitetut terveyspalvelut. Luokkaan eivät kuulu näille ryhmille suunnatut sosiaalipalvelut.",,,,
35c895f9-9d9f-4044-bf27-4642558d6a0a,http://urn.fi/URN:NBN:fi:au:ptvl:v1048,VALID,,P5.10,P5,Suun ja hampaiden terveydenhuolto,Mun- och tandhälsovård,Oral and dental health care,"Tähän alapalveluluokkaan kuuluvat suun ja hampaiden terveydenhuollon palvelut kuten ennaltaehkäisevä hoito, tarkastukset, hammaslääkärin ja -hygienistin hoitotoimenpiteet sekä oikomishoidon kaltaiset erikoishammaslääkäripalvelut.",,,,
3f95849a-08f8-421f-adf4-b82582a8cb83,http://urn.fi/URN:NBN:fi:au:ptvl:v1049,VALID,,P5.11,P5,Oma- ja itsehoito,Egen- och självvård,Self-care,"Tähän alapalveluluokkaan kuuluvat sekä omahoito (potilaan itsensä toteuttamaa, ammattihenkilön kanssa yhdessä suunnittelemaa ja kulloiseenkin tilanteeseen parhaiten sopivaa näyttöön perustuvaa hoitoa) että itsehoito (ilman ammattihenkilön apua henkilön tilanteeseensa suunnittelemaa hoitoa, joka saattaa sisältää itselääkintää ja elämäntapamuutoksia).",,,,
9f01fe61-3b34-47f1-8f33-85ee9a3b8d04,http://urn.fi/URN:NBN:fi:au:ptvl:v1050,VALID,,P5.12,P5,Työterveyshuolto,Företagshälsovården,Occupational health care,"Tässä alapalveluluokassa käsitellään niitä palveluja, joita työnantaja järjestää työntekijöiden työkyvyn ylläpitämiseksi, terveyden edistämiseksi ja työperäisten sairauksien ehkäisemiseksi.",,,,
656ad432-cc91-4d9f-b929-a1b6d7002f88,http://urn.fi/URN:NBN:fi:au:ptvl:v1051,VALID,,P5.13,P5,Kuntoutus,Rehabilitering,Rehabilitation,"Tässä. alapalveluluokassa käsitellään läkisääteisiä ja muita palveluja, joiden ensisijainen tarkoitus on palauttaa henkilön eri syistä alentunut työ- tai toimintakyky erilaisin terapeuttisin ja/tai lääkinnällisin menetelmin.",,,,
c42c6050-639f-4fd1-9418-cca54e69ecb5,http://urn.fi/URN:NBN:fi:au:ptvl:v1052,VALID,,P5.14,P5,Kotisairaanhoito ja omaishoito,Hemsjukvård och närståendevård,Home nursing and informal care,"Tässä alapalveluluokassa käsitellään kotisairaanhoitoa palveluna, joka tukee potilaan kotona asumista. Tähän liittyvät sekä kotisairaanhoidon toiminnot että kotisairaanhoidon tuki ja sen hakemismenettelyt. Myös omaishoito kuuluu tähän luokkaan ja sisältää omaishoitajan tuet ja etuudet, perhevapaaoikeudet sekä omaishoitajuuteen liittyvät sopimukset.",,,,
376277c2-8f64-41b1-b07f-58a945eedd35,http://urn.fi/URN:NBN:fi:au:ptvl:v1053,VALID,,P5.15,P5,Lääkkeet ja apteekit,Läkemedel och apotek,Medicines and pharmacies,"Tähän alapalveluluokkaan kuuluvat lääkkeistä tiedottamiseen, lääkemääräyksiin, lääkekorvauksiin ja lääkevahinkojen käsittelyyn liittyvät asiat.",,,,
8387b6aa-3542-4480-b607-0202517d4810,http://urn.fi/URN:NBN:fi:au:ptvl:v1054,VALID,,P5.16,P5,Terveyden vertais- ja vapaaehtoistoiminta,Hälsovårdens stöd av likställda och frivilligverksamhet,Health-related peer and voluntary activities,"Tähän alapalveluluokkaan kuuluvat sekä vertaistoiminta (vapaaehtoisuuteen perustuva tuki ja ohjaus, jota tietyn sairauden kanssa elävät tai kyseisen sairauden kokeneet henkilöt tai ryhmät antavat samassa tilanteessa oleville) että vapaaehtoistoiminta (vapaaehtoisuuteen perustuva tuki ja ohjaus, jota henkilöt tai yhteisöt antavat sairastuneille ilman vertaisryhmäasetelmaa). Vertaistoimintaa on mm. rahapeliongelmiin, lapsettomuuteen, omaishoitoon, päihderiippuvuuteen, sairauksiin, sukupuolisuuteen, surutyöhön, syömishäiriöihin, tupakoinnin lopettamiseen tai vammaan liittyvä vertaistoiminta.",,,,
dd1eaa51-823d-45eb-a5d5-7bc97846df7d,http://urn.fi/URN:NBN:fi:au:ptvl:v1055,VALID,,P5.17,P5,Terveyden ja hyvinvoinnin neuvonta- ja ohjauspalvelut,Hälsovårdens rådgivnings- och handledningstjänster,Advisory and guidance services for health and well-being,"Yksittäiseen palvelutapahtumaan, käyntiin palveluyksikössä tai palvelukokonaisuuteen tai sen hallintaan liittyvät palvelut, joiden avulla asiakas saa neuvontaa ja opastusta etsiessään palveluja terveyden ja hyvinvoinnin ongelmatilanteisiin ja terveyden edistämiseen. Näitä ovat esimerkiksi potilasasiamiespalvelu, ajanvaraukset, muistutuspalvelut, oma- ja itsehoitopalvelut ja palveluohjaus.",,,,
d41349b5-6480-4353-b910-ef2b0764408d,http://urn.fi/URN:NBN:fi:au:ptvl:v1056,VALID,,P5.18,P5,Hyvinvointipalvelujen tukipalvelut,Hälsovårdens stödtjänster,Support services for well-being services,"Palveluyksikön perustehtävää tai yksittäistä asiakasta tukevat asiakas- ja potilaspalvelut, joita ovat esim. majoitukseen, ravitsemukseen, virkistykseen ja tiedonsaantiin liittyvät palvelut palveluyksikön asiakkaille ja potilaille sekä apuvälinepalvelut.",,,,
4a52f53b-1a4e-4228-b882-fd66507d1168,http://urn.fi/URN:NBN:fi:au:ptvl:v1057,VALID,,P5.19,P5,Potilaan oikeudet,Patientombudsmannen och patientens rättigheter,Patient’s rights,"Tähän alapalveluluokkaan kuuluvat potilasasiamiehen palvelut sekä ne tieto- ja muut palvelut, joiden kautta ja puitteissa potilas voi toteuttaa oikeuksiaan.",,,,
73b3a9e6-307e-4b5c-804d-10b073acb373,http://urn.fi/URN:NBN:fi:au:ptvl:v1058,VALID,,P5.20,P5,Ravinto,Näring,Nutrition,"Tässä alapalveluluokassa käsitellään terveyttä ylläpitävään ravitsemukseen kuten ravitsemussuosituksiin ja ravitsemusneuvontaan liittyviä asioita.",,,,
d85a9ee0-e717-4ede-85a1-fe1eede49a1c,http://urn.fi/URN:NBN:fi:au:ptvl:v1059,VALID,,P5.21,P5,Elintarviketurvallisuus,Livsmedelssäkerhet,Food safety,"Tähän alapalveluluokkaan kuuluvat ravinnon turvallisuuteen sekä elintarvikevalvontaan ja -tiedotukseen liittyvät asiat. Tämä luokka sisältää myös yritystoiminnassa tarvittavat elintarviketurvallisuuteen liittyvät luvat ja ilmoitukset.",,,,
e6c4df3a-572f-481d-9beb-8530f285ec49,http://urn.fi/URN:NBN:fi:au:ptvl:v1060,VALID,,P6,,Koulutus,Utbildning,Education and training,"Tässä palveluluokassa käsitellään yleisen oppivelvollisuuden piirissä olevia koulutuspalveluja, toisen asteen koulutuspalveluja, korkea-asteen koulutusta sekä aikuis-, jatko- ja täydennyskoulutusta. Opintojen taloudellinen tuki, ulkomailla opiskeleminen ja tieteelliseen työhön kuuluvat palvelut kuuluvat myös tähän luokkaan.",,,,
9182ba00-3150-401c-85bf-a9e4828f80df,http://urn.fi/URN:NBN:fi:au:ptvl:v1061,VALID,,P6.1,P6,Esiopetus,Förskoleundervisning,Pre-school education,"Tähän palvelualaluokkaan kuuluvat sekä varsinainen esiopetus sisältöineen että esiopetuksen paikallinen järjestäminen ja vaihtoehdot lasten ja heidän perheidensä kannalta.",,,,
c6889342-195b-412e-83cd-2bb449802091,http://urn.fi/URN:NBN:fi:au:ptvl:v1062,VALID,,P6.2,P6,Perusopetus,Grundläggande utbildning,Basic education,"Tähän palvelualaluokkaan kuuluvat sekä varsinainen perusopetus sisältöineen ja tavoitteineen sekä perusopetuksen yhteydessä ja sen tukemiseksi välittömästi tarjottavat palvelut, esimerkiksi koulukuljetukset, kouluruokailu ja avustajapalvelut. Tähän luokkaan kuuluvat myös Suomen perusopetuksen mukaisen peruskoulutuksen ulkomailla suorittamiseen liittyvät asiat.",,,,
b3fdabf0-2713-4bef-b44e-6fd4c3a5f365,http://urn.fi/URN:NBN:fi:au:ptvl:v1063,VALID,,P6.3,P6,Aamu- ja iltapäiväkerhotoiminta,Morgon- och eftermiddagsverksamhet,Morning and afternoon club activities,"Tässä palvelualaluokassa käsitellään sitä kunnan järjestämää aamu- ja iltapäivätoimintaa, jonka tarkoitus on tukea kodin ja koulun kasvatustyötä ja lapsen tasapainoista kasvua ja tarjota mahdollisuuksia sekä ohjattuun toimintaan että valvottuun lepoon kodin ulkopuolella.",,,,
bdc4bf64-2760-4ed7-9a22-63f80967ff0f,http://urn.fi/URN:NBN:fi:au:ptvl:v1064,VALID,,P6.4,P6,Ammatinvalinta ja opintojen ohjaus,Yrkesval och studiehandledning,Career guidance and guidance counselling,"Tähän alapalveluluokkaan kuuluvat ne Suomen koulutusjärjestelmän puitteissa tarjottavat palvelut, jotka opastavat, neuvovat ja ohjaavat oppilasta tai opiskelijaa tekemään perusteltuja valintoja ammatin ja/tai koulutussuuntautumisen valitsemiseksi. Työelämässä jo olevan henkilön uraohjauspalvelut ovat omassa alaluokassaan Työ ja työttömyys -pääluokan alla.",,,,
cd366749-a0d5-49c3-a2f3-313bcf3ac3e5,http://urn.fi/URN:NBN:fi:au:ptvl:v1065,VALID,,P6.5,P6,Koulutukseen hakeminen,Hur man söker till utbildning,Applying for a place in education and training,"Tässä alapalveluluokassa käsitellään eri koulutusasteiden oppilaitoksiin hakemista ja siihen liittyviä asiointipalveluja ja hakemisen edellytyksiä.",,,,
3451335f-79b1-4dec-97b8-e1ed8da25ca3,http://urn.fi/URN:NBN:fi:au:ptvl:v1066,VALID,,P6.6,P6,Toisen asteen ammatillinen koulutus,Yrkesutbildning på andra stadiet,Vocational upper secondary education and training,"Tässä alapalveluluokassa käsitellään toisen asteen ammatillisen koulutuksen rakennetta, tutkintovaatimuksia ja koulutuksen suorittamistapoja. Opintojen taloudellinen tuki käsitellään omassa alapalveluluokassaan.",,,,
d8037de4-5723-4d55-be21-c0eeafe12053,http://urn.fi/URN:NBN:fi:au:ptvl:v1067,VALID,,P6.7,P6,Oppisopimus,Läroavtal,Apprenticeship training,"Tässä alapalveluluokassa käsitelläään oppisopimuskoulutusta ammatillisen tutkinnon suorittamistapana: koulutuksen rakenne, tutkinnon suorittaminen, koulutuksen sopimusluonne. Opintojen taloudellinen tuki käsitellään omassa alapalveluluokassaan.",,,,
e6e96db9-2a0a-4b48-926f-d691faa8f1cb,http://urn.fi/URN:NBN:fi:au:ptvl:v1068,VALID,,P6.8,P6,Lukiokoulutus,Gymnasieutbildning,General upper secondary education,"Tähän alapalveluluokkaan kuuluvat lukiokoulutuksen sisältö ja tarkoitus, lukiokoulutukseen hakeminen, lukion suorittamisen tavat ja ylioppilastutkinto. Opintojen taloudellinen tuki käsitellään omassa alapalveluluokassaan.",,,,
9f99f0a7-692c-4194-96a8-614fcae0c415,http://urn.fi/URN:NBN:fi:au:ptvl:v1069,VALID,,P6.9,P6,Korkeakoulutus,Högskoleutbildning,Higher education,"Tähän alapalveluluokkaan kuuluvat korkea-asteen koulutuksen sisältö ja tarkoitus, korkeakoulutukseen hakeminen ja tutkintovaatimukset ja -rakenteet. Opintojen taloudellinen tuki käsitellään omassa alapalveluluokassaan.",,,,
d196b2e9-15c2-4d65-a7e4-4cb5b87aa063,http://urn.fi/URN:NBN:fi:au:ptvl:v1070,VALID,,P6.10,P6,Aikuis- ja täydennyskoulutus,Vuxen- och kompletteringsutbildning,Adult and continuing education,"Tässä alapalveluluokassa käsitellään ensi sijassa työikäisten jatko- ja täydennyskoulutusta, joka tukee nykyisessä työssä toimimista tai ammatin vaihtamista. Luokkaan kuuluvat aikuis- ja täydennyskoulutuksen muodot, koulutukseen hakeutuminen, koulutusta antavat oppilaitokset ja tutkintorakenteet. Myös yrityksen henkilöstölleen tarjoama tai tukema aikuis- ja täydennyskoulutus kuuluu tähän.",,,,
d477c24a-8388-41c5-a925-f3b6fb59feaf,http://urn.fi/URN:NBN:fi:au:ptvl:v1071,VALID,,P6.11,P6,Yrityskoulutus,Företagsutbildning,Enterprise training,"Tähän luokkaan kuuluvat koulutus- ja valmennustilaisuudet, joita yritykset järjestävät tai hankkivat itse henkilöstönsä osaamisen kehittämiseksi sekä neuvontapalvelut näihin asioihin liittyen.",,,,
a486aec6-6fcf-458b-bcf5-284f09dd7483,http://urn.fi/URN:NBN:fi:au:ptvl:v1072,VALID,,P6.12,P6,Yrittäjäkoulutus,Företagarutbildning,Entrepreneur training,"Tähän luokkaan kuuluvat yrittäjyyden oppimiseen ja yrittäjäksi kouluttautumiseen liittyvät asiat.",,,,
c072c31c-5d77-4e11-816c-a013af636380,http://urn.fi/URN:NBN:fi:au:ptvl:v1073,VALID,,P6.13,P6,Opiskelu ulkomailla,Studier utomlands,Studying abroad,"Tässä palvelualaluokassa käsitellään ensi sijassa toisen ja korkea-asteen opintojen suorittamista ulkomailla joko opiskelijavaihdossa tai muunlaisen menettelyn puitteissa. Tähän liittyvät hakumenettelyt ja ulkomailla suoritettujen tutkintojen hyväksyminen ja vastaavuudet Suomessa.",,,,
42806684-b3e9-4fda-8d1a-f5764dc832dd,http://urn.fi/URN:NBN:fi:au:ptvl:v1074,VALID,,P6.14,P6,Opintojen tukeminen,Stöd för studier,Financial support for studies,"Tähän alapalveluluokkaan kuuluvat opiskelijan taloudellisten tukien muodot, tuen hakuprosessit ja -palvelut sekä myöntämisen edellykset. Luokka käsittää kaikki koulutustasot, joilla opiskelija voi saada julkista taloudellista tukea.",,,,
e3ce5079-f9f5-4c3e-a416-0002432e01ce,http://urn.fi/URN:NBN:fi:au:ptvl:v1075,VALID,,P6.15,P6,Tiede ja tutkimus,Vetenskap och undersökning,Science and research,"Tähän alapalveluluokkaan kuuluvat tieteelliseen tutkimustyöhön kuuluvat palvelut, erityisesti liittyen tutkimuksen rahoitukseen, tutkimuslupamenettelyihin ja julkaisutoimintaan.",,,,
a88a8d12-d077-41d1-9d01-d5cc2afb0020,http://urn.fi/URN:NBN:fi:au:ptvl:v1076,VALID,,P7,,Oikeusturva,Rättssäkerhet,Legal protection,"Tässä palveluluokassa käsitellään perusoikeuksiin, lainsäädäntöön, oikeusprosesseihin ja -asteisiin, yksilönsuojaan, vähemmistöihin ja immateriaalioikeuksiin liittyviä palveluja. Kuluttaja-asioita ei käsitellä tässä luokassa, vaan omassa pääluokassaan.",,,,
d5a3e394-b909-4432-8b3d-815e51c593d5,http://urn.fi/URN:NBN:fi:au:ptvl:v1077,VALID,,P7.1,P7,Kansalaisten perusoikeudet,Medborgarnas grundläggande rättigheter,Citizens’ fundamental rights,"Tähän palvelualaluokkaan kuuluvat Suomen kansallisesta lainsäädännöstä johtuvat palvelut, jotka liittyvät äänioikeuteen, sanan-, uskonnon- ja kokoontumisvapauteen sekä kansallis- ja vähemmistökieliin. Luokkaan kuuluvat myös EU-kansalaisen oikeuksiin liittyvät palvelut.",,,,
ef52b134-25bf-444a-b45e-00a36aa883cf,http://urn.fi/URN:NBN:fi:au:ptvl:v1078,VALID,,P7.2,P7,Lait ja asetukset,Lagar och förordningar,Acts and decrees,"Tässä palvelualaluokassa käsitellään palveluja, joiden tarkoitus on saattaa voimassa oleva lainsäädäntö kansalaisten ulottuville, tiedottaa lainsäädäntötyöstä ja helpottaa eri tavoin kansalaisten osallistumista lainsäädännön laatimis- ja kuulemisprosesseihin.",,,,
3c921c19-4c04-40c5-8572-bce7974d6176,http://urn.fi/URN:NBN:fi:au:ptvl:v1079,VALID,,P7.3,P7,Laillisuusvalvonta,Laglighetsövervakning,Legal protection and legality,"Tähän palvelualaluokkaan kuuluvat palvelut, joiden avulla kansalaiset voivat valvoa viranomaisten toiminnan lainmukaisuutta ja kannella viranomaisen virheellisestä toiminnasta. Tässä keskeisiä ovat Oikeuskansleri ja Eduskunnan oikeusasiamies.",,,,
337b232b-5dee-43e0-886e-879ec5d509e0,http://urn.fi/URN:NBN:fi:au:ptvl:v1080,VALID,,P7.4,P7,Oikeusapu,Rättshjälp,Legal aid,"Tässä palvelualaluokassa käsitellään oikeusapuun liittyvät palvelut",,,,
91be91a1-91bd-4a4c-9a35-95259d908766,http://urn.fi/URN:NBN:fi:au:ptvl:v1081,VALID,,P7.5,P7,Rikosten ilmoittaminen,Anmälan om brottsmål,Reporting crimes,"Tähän palvelualaluokkaan kuuluvat erilaisten rikosten poliisille ilmoittamiseen liittyvät palvelut ja asiointikanavat.",,,,
e0ed1cda-602f-4bad-aeec-0293e7f39072,http://urn.fi/URN:NBN:fi:au:ptvl:v1082,VALID,,P7.6,P7,Syyttäjälaitos,Åklagarväsendet,Prosecutors,"Tähän palvelualaluokassa käsitellään syyttäjälaitokseen liittyviä asioita palvelujen näkökulmasta.",,,,
9a64b0f1-d313-44eb-9468-03161298646e,http://urn.fi/URN:NBN:fi:au:ptvl:v1083,VALID,,P7.7,P7,Tuomioistuimet,Domstolarna,Courts of law,"Tässä palvelualaluokassa käsitellään tuomioistuimiin liittyviä palveluita (esim. erilaiset hakemukset sekä oikeudenkäynnit) eri oikeusasteissa ja tuomioistuinlinjoissa.",,,,
c69372f9-2082-4c76-8b80-91d15e504c65,http://urn.fi/URN:NBN:fi:au:ptvl:v1084,VALID,,P7.8,P7,Rangaistukset,Straff,Sentences and sanctions,"Tähän palvelualaluokkaan kuuluvat rangaistukset ja muut rikosseuraamusasiat.",,,,
f2457ce7-aa87-4b49-a20a-ba3497229cb4,http://urn.fi/URN:NBN:fi:au:ptvl:v1085,VALID,,P7.9,P7,Tietosuoja ja henkilötiedot,Datasekretess och personuppgifter,Data protection and personal data,"Tässä palvelualaluokassa käsitellään henkilötietojen ja yksityisyyden suojaan, henkilötunnuksiin ja -tunnisteisiin, matkustusasiakirjoihin ja henkilötietoja sisältäviin rekistereihin liittyviä palveluja sekä kansalaisen oikeuksia hallita ja käyttää omia tietojaan.",,,,
1b7b93fe-4cd4-4e7d-8425-0c46bb637528,http://urn.fi/URN:NBN:fi:au:ptvl:v1086,VALID,,P7.10,P7,Vähemmistöt,Minoriteter,Minorities,"Tässä palvelualaluokassa käsitellään vähemmistöjen oikeuksiin ja yhdenvertaisuus- ja kielilakeihin liittyviä palveluja.",,,,
15c21b6b-4a32-48d3-9ff7-a04c34000ca2,http://urn.fi/URN:NBN:fi:au:ptvl:v1087,VALID,,P7.11,P7,Edunvalvonta,Intressebevakning,Public guardianship,"Tässä palvelualaluokassa käsitellään holhoustoimilain mukaisen edunvalvontaan liittyvät palvelut.",,,,
19a05062-f1d3-470f-9d8c-e8389ac28cde,http://urn.fi/URN:NBN:fi:au:ptvl:v1088,VALID,,P7.12,P7,Ulosotto,Utsökning,Enforcement,"Tässä palvelualaluokassa käsitellään ulosottoon liittyviä palveluita.",,,,
6277398c-6321-4955-b978-d9cc4f4ccbaa,http://urn.fi/URN:NBN:fi:au:ptvl:v1089,VALID,,P7.13,P7,Immateriaalioikeudet,Immateriella rättigheter,Intellectual property rights,"Tässä palveluluokassa käsitellään palveluja, jotka liittyvät immateriaalioikeuksiin, kuten tavaramerkkeihin, patentteihin, hyödyllisyysmalliin ja mallisuojaan.",,,,
d9cccb2f-367f-484f-bae0-93446d618012,http://urn.fi/URN:NBN:fi:au:ptvl:v1090,VALID,,P8,,Demokratia,Demokrati,Democracy,"Tähän palveluluokkaan kuuluvat edustukselliseen demokratiaan liittyvät palvelut ja tiedot. Erityisesti esillä ovat puolueet, vaalijärjestelmä ja äänestäminen sekä kansalaisyhteiskunnan ja kolmannen sektorin tuottamat palvelut.",,,,
e92d462c-2f39-41b8-8d6d-f22b1fcae397,http://urn.fi/URN:NBN:fi:au:ptvl:v1091,VALID,,P8.1,P8,Puolueet,Partier,Political parties,"Tässä palvelualaluokassa käsitellään palvelujen näkökulmasta puolueen perustamista ja rekisteröintiä sekä puoluetukeen liittyviä asioita.",,,,
d85b7ad2-47d1-481c-9807-ff4c436d7bdf,http://urn.fi/URN:NBN:fi:au:ptvl:v1092,VALID,,P8.2,P8,Vaalit,Val,Elections,"Tähän palvelualaluokkaan kuuluvat äänioikeuden edellytykset, valtakunnallisissa, kunnallisissa tai Euroopan parlamentin vaaleissa ehdolle asettumisen menettelyt, vaaleista tiedottaminen äänestäjille, vaalirahoitukseen liittyvät palvelut ja seuranta sekä vaalien tuloksia koskevat tietopalvelut.",,,,
032240d9-548d-4a41-86df-80d4ae49805d,http://urn.fi/URN:NBN:fi:au:ptvl:v1093,VALID,,P8.3,P8,Kansalaisvaikuttaminen,Medborgarnas medverkan,Civic participation,"Tässä palvelualaluokassa käsitellään palvelujen näkökumasta kansalaisten ja kansalaisyhteisöjen poliittista ja yhteiskunnallista vaikuttamista vaalien ulkopuolella. Luokkaan kuuluvat muun muassa yhdistyksen perustamisen ja rekisteröinnin menettelyt sekä kansalais- ja kuntalaisaloitteiden tekeminen.",,,,
bb68d2d0-e2c1-4dd1-a296-363bade753e3,http://urn.fi/URN:NBN:fi:au:ptvl:v1094,VALID,,P8.4,P8,Kansalaisjärjestöjen toiminta,Frivilligorganisationers verksamhet,Activities of non-governmental organisations,"Tähän palvelualaluokkaan kuuluvat järjestöjen ja yhdistysten toimintaan ja sen lainmukaisuuteen kuuluvat asiat kuten kampanjointiin liittyvän nimien ja varojen keräämisen lupamenettelyt.",,,,
0c1fcbb8-ebfa-4a94-8fc3-a18134d8e792,http://urn.fi/URN:NBN:fi:au:ptvl:v1095,VALID,,P9,,Yleiset tieto- ja hallintopalvelut,Generella informations- ja förvaltningstjänster,General information and administrative services,"Tässä palveluluokassa käsitellään kansalaisille, yhteisöille ja toisille viranomaisille tarjottavia tieto-, hallinto- ja tukipalveluja, jotka sisällöltään voivat liittyä mihin aiheeseen tahansa ja joita ei tämän vuoksi voida sijoittaa julkisen palvelun luokituksen muihin aiheluokkiin.",,,,
191794b3-0898-4b9a-aa79-305767492c21,http://urn.fi/URN:NBN:fi:au:ptvl:v1096,VALID,,P10,,Työ ja työttömyys,Arbete och arbetslöshet,Work and unemployment,"Tässä palveluluokassa käsitellään työn etsimistä ja löytämistä, työelämän sopimuksia ja sääntöjä, työkyvyn ylläpitämistä, työttömysajan ja työllistymisen tukia sekä työttömien järjestötoimintaa.",,,,
94f3ac94-7390-475e-9342-b0f8d6be4411,http://urn.fi/URN:NBN:fi:au:ptvl:v1097,VALID,,P10.1,P10,Työnhaku ja työpaikat,Jobbsökning och arbetsplatser,Jobseeking and jobs,"Tähän palvelualaluokkaan kuuluvat useat työttömälle tarkoitetut palvelut. Näiden avulla työnhakija voi muun muassa etsiä avoimia työpaikkoja Suomesta ja ulkomailta ja hakea niihin, ilmoittautua työttömäksi työnhakijaksi, tuottaa ansioluettelon ja jättää avoimia hakemuksia työpaikkapalveluihin. Myös työnhakuvalmennuksen ja työvoimakoulutuksen kaltaiset palvelut kuuluvat tähän luokkaan.",,,,
a5d6f2ac-ede1-498c-bdda-7900511fc32c,http://urn.fi/URN:NBN:fi:au:ptvl:v1098,VALID,,P10.2,P10,Ammatinvalinta ja urasuunnittelu,Yrkesval och karriärplanering,Career guidance and career planning,"Tässä palvelualaluokassa käsitellään palveluja, jotka ensi sijassa auttavat joko työuran alussa tai työttömyystilanteessa olevaa työnhakijaa sijoittumaan hänelle parhaiten sopivalle työ- tai koulutusuralle. Koululaisen ja opiskelijan ammatinvalintapalvelut ovat omassa alaluokassaan Koulutus-pääluokan alla.",,,,
2c6c415e-e6b7-4779-9854-e9d82feca7ed,http://urn.fi/URN:NBN:fi:au:ptvl:v1099,VALID,,P10.3,P10,Työelämän säännöt ja työehtosopimukset,Arbetslivets regler och kollektivavtal,Working life rules and collective agreements,"Tähän palvelualaluokkaan kuuluvat palvelujen näkökulmasta työsopimuksiin ja -ehtoihin, palkkaukseen, työelämän yhdenvertaisuuteen ja joustoihin kuten etä- ja osa-aikatyöhön liittyvät asiat.",,,,
fab3b33d-b581-43db-8f00-1ec75117d931,http://urn.fi/URN:NBN:fi:au:ptvl:v1100,VALID,,P10.4,P10,Työkyky ja ammatillinen kuntoutus,Arbetsförmåga och yrkesinriktad rehabilitering,Work ability and vocational rehabilitation,"Tässä palvelualaluokassa käsitellään palveluja, jotka tähtäävät eri tavoin ennaltaehkäisevästi työkyvyn ylläpitämiseen tai, työkyvyn jo alennuttua, sen palauttamiseen ammatillisen kuntoutuksen menetelmin.",,,,
4606dd19-f2dd-4de7-9e75-ad41e80979c5,http://urn.fi/URN:NBN:fi:au:ptvl:v1101,VALID,,P10.5,P10,Työsuojelu,Arbetarskydd,Occupational safety,"Tähän palvelualaluokkaan kuuluvat palvelut, jotka liittyvät lakisääteiseen työsuojelutoimintaan, sen toteuttamiseen työpaikoilla ja puutteellisesta työsuojelusta ilmoittamiseen. Myös työturvallisuuteen liittyvät asiat kuuluvat tähän luokkaan, samoin kuin työsuojeluaiheeseen liittyvät työnantajille tarkoitetut palvelut. Sen sijaan työterveydenhoito on oma alaluokkansa Terveys, sairaanhoito ja ravitsemus -pääluokan alla.",,,,
7cbefe9e-e009-486e-a996-068cd75b8587,http://urn.fi/URN:NBN:fi:au:ptvl:v1102,VALID,,P10.6,P10,Työttömän tuet ja etuudet,Stöd och förmåner för arbetslösa,Support and benefits for the unemployed,"Tässä palvelualaluokassa käsitellään työttömälle työnhakijalle suunnattuja erilaisia taloudellisia tukia, niiden saamisen edellytyksiä ja tukien hakupalveluja.",,,,
c51415cb-b484-465d-9f61-ddd37c4c8b0f,http://urn.fi/URN:NBN:fi:au:ptvl:v1103,VALID,,P10.7,P10,Tuettu työllistyminen,Beredskapsarbete,Subsidised employment,"Tähän palvelualaluokkaan kuuluvat tuetun työllistymisen palvelut, joiden asiakasryhmiä ovat pitkään työttömänä olleet, osatyökykyiset, vammaiset ja muut työnhakijat, joiden työnsaantimahdollisuudet avoimilla työmarkkinoilla ovat tavallista heikommat. Tuetun työllistymisen palveluja ovat mm. palkkatuki, työhönvalmennus, työkokeilu ja työolosuhteiden järjestelytuki. Tähän luokkaan kuuluu myös työnantajien neuvonta tuettuun työllistymiseen liittyen.",,,,
04c62290-b79a-42d4-8b7a-3274f8fa6ff7,http://urn.fi/URN:NBN:fi:au:ptvl:v1104,VALID,,P10.8,P10,Työttömien järjestöt ja vertaistuki,Föreningar och kamratstöd för arbetslösa,Organisations of the unemployed and peer support,"Tähän palvelualaluokkaan kuuluvat ne kolmannen sektorin tuottamat palvelut ja toimintamuodot, joilla tuetaan työttömän työnhakua ja toimintakyvyn säilyttämistä.",,,,
7c992974-ea61-4761-89b3-5d87c4e5aecd,http://urn.fi/URN:NBN:fi:au:ptvl:v1105,VALID,,P11,,Elinkeinot,Näringar,Industries,"Tähän palveluluokkaan kuuluvat kaikki yritystoimintaan liittyvät palvelut yrityksen perustamisesta liiketoiminnan kehittämiseen ja aina yrityksen lopettamiseen saakka.",,,,
b596a467-c84a-47af-80ab-2aa7f90d1cff,http://urn.fi/URN:NBN:fi:au:ptvl:v1106,VALID,,P11.1,P11,Yrityksen perustaminen,Etablering av företag,Establishing an enterprise,"Tähän alapalveluluokkaan kuuluvat yrityksen perustamisvaiheeseen tarkoitetut avustukset, rahoituspalvelut ja yrityksen perustamisneuvonta ja infotilaisuudet.",,,,
bcbeb60b-7072-4301-8937-5d62f232fe1f,http://urn.fi/URN:NBN:fi:au:ptvl:v1107,VALID,,P11.2,P11,Toimialakohtaiset luvat ja velvoitteet,Branschspecifika tillstånd och skyldigheter,Sector-specific permits and obligations,"Tähän alapalveluluokkaan kuuluvat yritystoimintaa velvoittavat asiat, jotka voivat liittyä lupien hankintaan, ilmoituksien tekemiseen tai rekisteröinteihin.",,,,
4663a695-4de4-45af-9956-2fec653b3154,http://urn.fi/URN:NBN:fi:au:ptvl:v1108,VALID,,P11.3,P11,Liiketoiminnan kehittäminen,Utveckling av affärsverksamheten,Business development,"Tähän alapalveluluokkaan kuuluvat liiketoiminnan kehittämistä tukevat avustukset ja muut rahoituspalvelut, liiketoiminnan kehittämisohjelmat ja yritysneuvonta.",,,,
c56fc7a2-0fec-4f28-a575-51d72d33afc9,http://urn.fi/URN:NBN:fi:au:ptvl:v1109,VALID,,P11.4,P11,Tuote- ja palvelukehitys,Utveckling av produkter och tjänster,Product and service development,"Tähän alapalveluluokkaan kuuluvat yritysten tuote- ja palvelukehitystä tukevat avustukset ja muut rahoituspalvelut, tuotekehitysohjelmat ja neuvonta liittyen esimerkiksi keksintöihin ja patentteihin.",,,,
1b5148a3-4b66-44fc-b77b-4e7e07ee3ea2,http://urn.fi/URN:NBN:fi:au:ptvl:v1110,VALID,,P11.5,P11,Yritysyhteistyö ja verkostoituminen,Företagssamarbete och nätverkande,Business cooperation and networking,"Tähän alapalveluluokkaan kuuluvat palvelut, jotka auttavat yrityksiä verkostoitumaan, hankkimaan yhteistyökumppaneita ja toimimaan yhteisissä hankkeissa.",,,,
16ad8b85-16f7-4140-a694-177a7b0eb3af,http://urn.fi/URN:NBN:fi:au:ptvl:v1111,VALID,,P11.6,P11,Kansainvälistymispalvelut,Internationaliseringstjänster,Internationalisation services,"Tähän luokkaan kuuluvat kansainvälistymisessä tukevat avustukset ja muut rahoituspalvelut, kansainvälistymiseen liittyvä neuvonta sekä kansainvälistymiskoulutustilaisuudet.",,,,
152539d6-ac01-4fd3-bb9c-336ae98f787a,http://urn.fi/URN:NBN:fi:au:ptvl:v1112,VALID,,P11.7,P11,Tuonti ja vienti,Import och export,Import and export,"Tähän luokkaan kuuluvat esimerkiksi yrityksen tuonti- tai vientikaupan tukemiseen tarkoitetut avustukset ja muut rahoituspalvelut, tuontiin ja vientiin liittyvä neuvonta- ja tietopalvelut.",,,,
038fd884-67f2-4089-9a25-0880d3738021,http://urn.fi/URN:NBN:fi:au:ptvl:v1113,VALID,,P11.8,P11,Omistajanvaihdos,Ägarbyten,Change of ownership,"Tähän luokkaan kuuluvat omistajanvaihdosprosessiin liittyviä asiat kuten yrityksen ostaminen, yrityksen myyminen, sukupolvenvaihdos ja niihin liittyvät palvelut.",,,,
468434a4-fbd2-420c-9231-512352b5606e,http://urn.fi/URN:NBN:fi:au:ptvl:v1114,VALID,,P11.9,P11,Yritystoiminnan lopettaminen,Nedläggning av företagsverksamhet,Winding up an enterprise,"Tähän luokkaan kuuluvat yritystoiminnan lopettamisessa tukevat palvelut.",,,,
205aad36-609f-4dde-bc87-80f824717239,http://urn.fi/URN:NBN:fi:au:ptvl:v1115,VALID,,P12,,Työnantajan palvelut,Arbetsgivares tjänster,Employer services,"Työnantajan palvelut pääluokkaan kuuluvat kaikki työantajana toimimiseen liittyvät asiat kuten työntekijöiden palkkaaminen ja henkilöstön kehittäminen.",,,,
8667173c-075b-4430-b3c0-ebe00361d98c,http://urn.fi/URN:NBN:fi:au:ptvl:v1116,VALID,,P12.1,P12,Palveluja työnantajalle,Arbetsgivartjänster,Services for employers,"Tähän alapalveluluokkaan kuuluvat työnantajuuteen liittyvät asiat kuten esimerkiksi työnantajavelvoitteet.",,,,
52872619-748c-4f82-b10b-a12fa94a8471,http://urn.fi/URN:NBN:fi:au:ptvl:v1117,VALID,,P12.2,P12,Henkilöstöhankinta,Rekrytering,Recruitments,"Tähän alapalveluluokkaan kuuluvat työntekijöiden rekrytointiin ja palkkaamiseen liittyvät palvelut.",,,,
a903d416-ae72-4c5e-bc8f-a8e85eadf268,http://urn.fi/URN:NBN:fi:au:ptvl:v1118,VALID,,P12.3,P12,Kotitalous työnantajana,Hushåll som arbetsgivare,A household as an employer,"Tähän alapalveluluokkaan kuuluvat palvelut, joiden avulla kotitalous voi teettää työtä kodissa tai vapaa-ajan asunnolla työtä ja huolehtia työntekijän palkkaan ja verotukseen liittyvistä asioista sekä kotitalousvähennyksestä.",,,,
65968cf1-7be0-478b-9dde-aa271aced513,http://urn.fi/URN:NBN:fi:au:ptvl:v1119,VALID,,P12.4,P12,Henkilöstön kehittäminen,Personalutveckling,Personnel development,"Tähän alapalveluluokkaan kuuluvat työnantajalle tarkoitetut palvelut, jotka liittyvät esimerkiksi henkilöstön kouluttamiseen.",,,,
74e23045-30f5-4a9b-9f70-87f413362105,http://urn.fi/URN:NBN:fi:au:ptvl:v1120,VALID,,P13,,Eläkkeet,Pensioner,Pensions,"Tässä palveluluokassa käsitellään palvelunäkökulmasta Suomen lakisääteisten eläkkeiden tyyppejä sekä ulkomailla pysyvästi asuvan eläketurvaa niin ulkosuomalaisen kuin Suomessa asuvan maahanmuuttajan kannalta.",,,,
6dc72f4a-70e8-4b24-a967-71f556b7e34b,http://urn.fi/URN:NBN:fi:au:ptvl:v1121,VALID,,P13.1,P13,Kansaneläke,Folkpension,National pension,"Tähän palvelualaluokkaan kuuluvat palvelunäkökulmasta kansaneläkkeeseen ja takuueläkkeeseen liittyvät asiat.",,,,
e4efb783-af47-4d5f-a616-0791a6c10e65,http://urn.fi/URN:NBN:fi:au:ptvl:v1122,VALID,,P13.2,P13,Työeläkkeet,Arbetspensioner,Earnings-related pensions,"Tässä palvelualaluokassa käsitellään palvelunäkökulmasta työperusteisia eläkkeitä: työeläkettä sekä kuntien ja valtion eläkkeitä. Myös eläkevakuutus kuuluu tähän luokkaan.",,,,
b5e89fc3-aec7-4899-9529-099361783df4,http://urn.fi/URN:NBN:fi:au:ptvl:v1123,VALID,,P13.3,P13,Työkyvyttömyyseläke,Invalidpension,Disability pension,"Tähän palvelualaluokkaan kuuluvat työkyttömyyden toteamiseen sekä erilaisiin työkyvyttömyyseläkkeen tyyppeihin liittyvät palvelut.",,,,
efa198c8-ca2f-4498-8122-79ca1209f2c7,http://urn.fi/URN:NBN:fi:au:ptvl:v1124,VALID,,P13.4,P13,Suomalaisen eläketurva ulkomailla,Finländares pensionsskydd utomlands,Pension security for expatriate Finns,"Tässä palvelualaluokassa käsitellään ulkomailla tehdyn työn eläkevaikutukset Suomen kansalaiselle sekä tilanteet, joissa henkilö on ansainnut eläkettä Suomessa tehdystä työstä, mutta on sittemmin muuttanut ulkomaille. Luokkaan kuuluvat myös maiden välisiä eläkesopimuksia ja ulkomailla karttuneen eläkkeen verotus.",,,,
0765e034-9c87-4fec-b7c2-944730f87151,http://urn.fi/URN:NBN:fi:au:ptvl:v1125,VALID,,P13.5,P13,Suomessa pysyvästi asuvan ulkomaalaisen eläketurva Suomessa,Pensionsskydd för utländska medborgare som är permanent bosatta i Finland,Pension security in Finland for foreigners who are permanently resident in the country,"Tässä palvelualaluokassa käsitellään Suomessa asuvan ja työskentelevän ulkomaan kansalaisen oikeuksia suomalaiseen eläkejärjestelmään ja -etuuksiin.",,,,
6a6040a7-f500-4b1d-af09-d9bb8d38ef55,http://urn.fi/URN:NBN:fi:au:ptvl:v1126,VALID,,P14,,Verotus ja julkinen talous,Beskattning och offentlig ekonomi,Taxation and public finance,"Tässä palveluluokassa käsitellään keskeisiin henkilö- ja yritysverotuksen lajeihin sekä valtion ja kuntien talouteen liittyviä asioita palvelujen näkökulmasta.",,,,
5120c96d-ce2e-48f7-9ef6-cac3b249eb82,http://urn.fi/URN:NBN:fi:au:ptvl:v1127,VALID,,P14.1,P14,Henkilöverotus,Personbeskattning,Individual taxation,"Tähän palvelualaluokkaan kuuluvat palvelut, jotka liittyvät ansiotuloista maksettavaan ennakkoveroon, verokorttiin ja veroprosenttien muutoksiin, veroehdotukseen ja -vähennyksiin sekä verolaskureihin. Myös kirkollisvero kuuluu tähän luokkaan.",,,,
b415a437-b9a8-405d-8c5a-66111b5d6744,http://urn.fi/URN:NBN:fi:au:ptvl:v1128,VALID,,P14.2,P14,Omaisuuden verotus,Egendomsbeskattning,Net wealth taxation,"Tähän palvelualaluokkaan kuuluvat palvelut, jotka liittyvät omaisuuden verottamiseen. Tähän kuuluvat muun muassa perintöjen, lahjoitusten, vuokratuottojen, myyntivoittojen ja kiinteistöjen verotus. Omaisuusverolaskurit ja vastaavat työkalut kuuluvat tähän luokkaan.",,,,
79d9b576-7ade-4ded-886a-a7e2d567b521,http://urn.fi/URN:NBN:fi:au:ptvl:v1129,VALID,,P14.3,P14,Ajoneuvojen verotus,Fordonsbeskattning,Vehicle taxation,"Tähän palvelualaluokkaan kuuluvat palvelut, jotka liittyvät autojen ja ajoneuvojen ostamisen ja maahantuonnin kertaverotukseen (autovero) ja ajoneuvon omistamiseen (ajoneuvovero).",,,,
9bff9af3-4778-4d9d-90e3-70c13fc1c49b,http://urn.fi/URN:NBN:fi:au:ptvl:v1130,VALID,,P14.4,P14,Yritysverotus,Företagsbeskattning,Corporate taxation,"Tähän alapalveluluokkaan kuuluvat yritysverotukseen liittyvät asiat, kuten esimerkiksi veroilmoituksen tekemistä tukevat palvelut.",,,,
f8b16b88-1357-406e-8a97-63d724af42eb,http://urn.fi/URN:NBN:fi:au:ptvl:v1131,VALID,,P14.5,P14,Julkinen talous ja julkiset hankinnat,Offentlig ekonomi och upphandling,Public finance and public procurements,"Tässä alapalveluluokassa käsitellään palveluja, jotka tarjoavat tietoja valtion ja kuntien talouden tilasta ja kehityksestä. Lisäksi tähän luokkaan kuuluvat ne palvelut, joita tarjotaan yrityksille ja muille toimittajille julkisiin hankintoihin osallistumiseksi ja niistä tiedon saamiseksi.",,,,
a1e83300-d770-456e-84a0-8abaea0c863d,http://urn.fi/URN:NBN:fi:au:ptvl:v1132,VALID,,P15,,Yksityinen talous ja rahoitus,Privat ekonomi och finansiering,Private finance and funding,"Tässä palveluluokassa käsitellään yksityishenkilön ja yrityksen rahoitus- ja velka-asioita, konkurssia ja ulosottoa sekä pankkien ja rahamarkkinoiden toimintaa tallettajan, sijoittajan ja rahoituksen hakijan kannalta.",,,,
43e609c8-46fc-42db-8419-5ea1e1bba017,http://urn.fi/URN:NBN:fi:au:ptvl:v1133,VALID,,P15.1,P15,Henkilön talous- ja velkaneuvonta,Ekonomi- och skuldrådgivning för privatpersoner,Financial and debt advisory services for individuals,"Tähän palvelualaluokkaan kuuluvat ne palvelut, jotka on suunnattu joko ennakoivasti yksityishenkilön tai kotitalouden rahankäytön ja talouden hallinnan tueksi tai maksuvaikeuksiin jo joutuneen avuksi.",,,,
338adeaa-777e-4b10-b224-152d9e869fb2,http://urn.fi/URN:NBN:fi:au:ptvl:v1134,VALID,,P15.2,P15,Yrityksen talous- ja velkaneuvonta,Ekonomi- och skuldrådgivning för företag,Financial and debt advisory services for companies,"Tähän luokkaan kuuluu yrityksen taloudelliseen vaikeuksiin liittyvät asiat, kuten esimerkiksi terveyttämisneuvonta ja velkaneuvonta.",,,,
5068e057-0208-49d7-a252-f42547e9b146,http://urn.fi/URN:NBN:fi:au:ptvl:v1135,VALID,,P15.3,P15,Lainat ja luottotiedot,Lån och kredituppgifter,Loans and credit history,"Tässä palvelualaluokassa käsitellään palveluja, jotka liittyvät lainan ottamiseen, takuisiin ja takaisinmaksuun, sosiaaliseen luotonantoon ja sekä luottotietorekisteriin ja maksuhäiriöihin. Luokka sisältää myös sisältää myös yritysten lainoihin liittyvät palvelut.",,,,
7377c617-97f8-4d49-a2ff-7bdf25a5d5a4,http://urn.fi/URN:NBN:fi:au:ptvl:v1136,VALID,,P15.4,P15,Konkurssi,Konkurs,Bankruptcy,"Tässä palvelualaluokassa käsitellään palveluja, jotka liittyvät konkurssin julistamiseen, konkurssihakemukseen, konkurssiasiamiehen tehtäviin ja konkurssiprosessin eri vaiheisiin. Luokkaan kuuluvat sekä luonnollisen henkilön että yrityksen konkurssit.",,,,
6422f9b9-40ce-422d-b5eb-94fe3de964e3,http://urn.fi/URN:NBN:fi:au:ptvl:v1137,VALID,,P15.5,P15,Ulosotto,Utsökning,Enforcement,"Tässä palvelualaluokassa käsitellään palveluja, jotka liittyvät virallisen kehotuksen jälkeenkin maksamattomien maksujen perintään ulosottoviranomaisen kautta.",,,,
b0a71e6f-0147-4bfd-896b-5543cdbe515a,http://urn.fi/URN:NBN:fi:au:ptvl:v1138,VALID,,P15.6,P15,Pankit,Banker,Banks,"Tähän palvelualaluokkaan kuuluvat ne palvelut, jotka liittyvät pankkien talletus-, lainananto- ja sijoitustoimintaan, sijoitusneuvontaan sekä pankkien toiminnan valvontaan.",,,,
7bb6e19f-772a-44f6-b474-74ec18d5b321,http://urn.fi/URN:NBN:fi:au:ptvl:v1139,VALID,,P15.7,P15,Talletusten ja sijoitusten suoja,Insättnings- och placeringsskydd,Protection of deposits and investments,"Tässä palvelualaluokassa käsitellään palveluja, jotka liittyvät tallettajille ja piensijoittajille tarkoitettuihin talletussuojamenettelyihin.",,,,
1767ee95-4f81-47b9-9f86-203a71d4281b,http://urn.fi/URN:NBN:fi:au:ptvl:v1140,VALID,,P15.8,P15,Yritysrahoitus,Företagsfinansiering,Business funding,"Tähän luokkaan kuuluu kaikki yrityksen rahoitukseen liittyvät asiat kuten esimerkiksi yritystuet, kehittämisavustukset, lainat, takuut sekä hanke- ja kansainvälistymisrahoitus.",,,,
198f40e2-dc24-4a41-a992-a539a3487725,http://urn.fi/URN:NBN:fi:au:ptvl:v1141,VALID,,P15.9,P15,Rahoitusmarkkinat,Finansmarknaden,Financial market,"Tähän palvelualaluokkaan kuuluvat ne palvelut, jotka liittyvät pankkien ulkopuolella tapahtuvaan lainanantoon ja sijoitusneuvontaan, tämän toiminnan valvontaan sekä kuluttajan oikeuksiin näiden palvelujen käyttäjänä. Luokkaan kuuluvat myös korkotasoon liityvät tietopalvelut.",,,,
4cd22ec1-c452-4e95-b8c9-9305a04db18e,http://urn.fi/URN:NBN:fi:au:ptvl:v1142,VALID,,P16,,Liikenne,Trafik,Transport,"Tässä palveluluokassa käsitellään palvelujen näkökulmasta julkista liikennettä, ajoneuvojen rekisteri-, verotus- ja lupa-asioita, ammattiliikennettä sekä liikenneturvallisuutta. Matkailu- ja karttapalvelut eivät kuulu tähän luokkaan vaan ne käsitellään omissa palveluluokissaan.",,,,
d2d57fd7-17db-4211-8ecf-7dd0cde639b0,http://urn.fi/URN:NBN:fi:au:ptvl:v1143,VALID,,P16.1,P16,Ajoneuvot ja rekisteröinti tieliikenteessä,Fordon och registrering för vägtrafik,Vehicles and registration in road transport,"Tähän palvelualaluokkaan kuuluvat tieliikenneajoneuvojen omistamista, maahantuontia, rekisteröintiä ja liikennekelpoisuutta koskevat palvelut.",,,,
626d5b71-c54a-42a5-9d25-f6fbfbed737c,http://urn.fi/URN:NBN:fi:au:ptvl:v1144,VALID,,P16.2,P16,Ajo-opetus ja ajoluvat tieliikenteessä,Körundervisning och körtillstånd i vägtrafik,Driving instruction and driving permits in road transport,"Tähän palvelualaluokkaan kuuluvat tieliikenneajoneuvojen ajoluvat ja näihin lupiin liittyvä opetus ja lupien suorittamistutkinnot.",,,,
0d6294fc-355c-4b71-9a79-a2b906ccb197,http://urn.fi/URN:NBN:fi:au:ptvl:v1145,VALID,,P16.3,P16,Liikenneturvallisuus ja liikennesäännöt tieliikenteessä,Trafiksäkerhet och trafikregler i vägtrafik,Traffic safety and rules of the road,"Tässä palvelualaluokassa käsitellään liikenneturvallisuutta sekä liikennesääntöjen että suositusten ja ohjeiden kannalta. Luokkaan kuuluvat myös liikenteen häiriö- ja vaaratiedotuspalvelut ja liikenteen säätietopalvelut.",,,,
566f769b-d74e-4b2b-b3ac-2fa48e14f31e,http://urn.fi/URN:NBN:fi:au:ptvl:v1146,VALID,,P16.4,P16,Pysäköinti,Parkering,Parking,"Tähän palvelualaluokkaan kuuluvat paikalliset pysäköintialueet ja niiden tiedot sekä sähköiset pysäköintipalvelut.",,,,
0b242323-ad48-4ef3-aaa3-9bf61bfc0c68,http://urn.fi/URN:NBN:fi:au:ptvl:v1147,VALID,,P16.5,P16,Joukkoliikenne,Kollektivtrafik,Public transport,"Tähän palvelualaluokkaan kuuluvat joukkoliikenteen aikataulut, reitit, asematiedot, hinnat ja alennusoikeudet.",,,,
3508547c-f844-4f63-a838-1f5c86386e72,http://urn.fi/URN:NBN:fi:au:ptvl:v1148,VALID,,P16.6,P16,Ammattiliikenne tieliikenteessä,Professionell vägtrafik,Professional road transport,"Tässä palvelualaluokassa käsitellään tieliikenteen ammattikuljettajien ja muiden tieliikenteeseen liittyvien ammattien koulutusta ja pätevyyksiä sekä erikoiskuljetuksiin liittyviä asioita.",,,,
79eaab76-6845-4739-9970-07c5d38268ac,http://urn.fi/URN:NBN:fi:au:ptvl:v1149,VALID,,P16.7,P16,Tienpito,Väghållning,Road maintenance,"Tähän palvelualaluokkaan kuuluvat teiden hoitoluokat ja niiden mukainen peruskunnossapito sekä teiden parannustyöt ja näihin saatavat avustukset.",,,,
7e1ea115-ef1c-407e-a429-140c0e840385,http://urn.fi/URN:NBN:fi:au:ptvl:v1150,VALID,,P16.8,P16,Vesiliikenne,Vattentrafik,Waterborne transport,"Tähän palvelualaluokkaan kuuluvat vesiajoneuvojen kelpoisuus- ja turvallisuusvaatimukset, rekisteri- ja omistusasiat, satamapalvelut aluksille, vesiliikenteen turvallisuus ja eräisiin alustyyppeihin liittyvät kuljettajakelpoisuudet ja -luvat.",,,,
8ab8e7a9-d472-4da6-b013-1e1ef9c7b7de,http://urn.fi/URN:NBN:fi:au:ptvl:v1151,VALID,,P16.9,P16,Ilmailu,Luftfart,Aviation,"Tähän palvelualaluokkaan kuuluvat lentokoulutus ja lentolupakirjat, lennonjohtotehtävien koulutus, lentoalusten rekisteri- ja omistusasiat, ilmailun turvallisuus ja lentokenttäpalvelut ilmailijoille.",,,,
ce7f5986-7251-4bc0-a9d5-d16b90889466,http://urn.fi/URN:NBN:fi:au:ptvl:v1152,VALID,,P17,,Matkailu,Turism,Tourism,"Tässä palveluluokassa käsitellään matkailupalveluja, matkustusasiakirjoja, rajapalveluja, matkailijan turvallisuutta ja Suomen ulkomaan-edustustojen palveluja.",,,,
ebb22cb8-f127-41e5-8d51-5beec2dbdb3b,http://urn.fi/URN:NBN:fi:au:ptvl:v1153,VALID,,P17.1,P17,Matkailu Suomessa,Turism i Finland,Tourism in Finland,"Tähän palvelualaluokkaan kuuluvat kotimaan matkailun tieto-, reitti- ja majoituspalvelut.",,,,
034da4ac-6007-4faa-9d83-6260c9f577c3,http://urn.fi/URN:NBN:fi:au:ptvl:v1154,VALID,,P17.2,P17,Matkailu EU-alueella,Turism i EU-området,Tourism in the EU area,"Tähän palvelualaluokkaan kuuluvat EU-kansalaisen oikeudet matkailijana EU-alueella sekä henkilökohtaisen tuonnin ja viennin säännöt ja rajoitukset.",,,,
3f0a35bd-5725-4783-9f3d-077f43c7db1d,http://urn.fi/URN:NBN:fi:au:ptvl:v1155,VALID,,P17.3,P17,Matkailu EU-alueen ulkopuolella,Turism utanför EU-området,Tourism outside the EU area,"Tähän palvelualaluokkaan kuuluvat muun muassa eri maita koskevat matkustustiedotteet ja suositeltavat rokotukset, turvallisuusohjeet, kansainvälinen ajokortti, viisumikäytännöt ja sähköiset matkustajailmoitukset kuten ESTA ja eTA.",,,,
a3f2d197-77ed-47b4-ad65-dd77db3b8eba,http://urn.fi/URN:NBN:fi:au:ptvl:v1156,VALID,,P18,,Paikkatieto,Geodata,Geospatial data,"Tässä palveluluokassa käsitellään erilaisia karttapalveluja sekä palveluna tarjottavia paikkatietoaineistoja.",,,,
e1afd1e5-147a-4dad-a78f-9ae814c7f143,http://urn.fi/URN:NBN:fi:au:ptvl:v1157,VALID,,P18.1,P18,Kartat ja karttapalvelut,Kartor och karttjänster,Maps and map services,"Tähän palvelualaluokkaan kuuluvat yleiset, sähköisinä palveluina tarjottavat valtakunnalliset ja alueelliset maasto- ja opaskartat, teemakarttapalvelut kuten retkeilykartat, reitityspalvelut sekä vesi- ja ilmaliikenteen erityiskarttapalvelut.",,,,
70d7b509-a3d3-4f2e-85e3-3a7e5d3d7b51,http://urn.fi/URN:NBN:fi:au:ptvl:v1158,VALID,,P18.2,P18,Paikkatietopalvelut,Geodatatjänster,Geographic information services,"Tähän palvelualaluokkaan kuuluvat palvelut, jotka tarjoavat datamuodossa olevaa paikkatietoa Suomen rakennetusta ja luonnonympäristöstä.",,,,
a42fdf3e-9e17-474b-a5c0-c2cbe3c11579,http://urn.fi/URN:NBN:fi:au:ptvl:v1159,VALID,,P19,,Turvallisuus,Säkerhet,Safety and security,"Tässä palveluluokassa käsitellään onnettomuuksiin, rikoksiin ja kriisiajan turvallisuuteen liittyviä palveluja niin kansalaisen kuin yhteiskunnan kannalta. Luokka kattaa ennalta ehkäisevän toiminnan, pelastuspalvelut ja koko maan turvallisuuteen liittyvän toiminnan.",,,,
96aab5a4-6fe8-4e8f-90f1-663bcf534004,http://urn.fi/URN:NBN:fi:au:ptvl:v1160,VALID,,P19.1,P19,Palo- ja pelastustoiminta,Brand- och räddningsverksamhet,Fire and rescue activities,"Tähän alapalveluluokkaan kuuluvat paikalliset ja valtakunnalliset palo- ja pelastuspalvelut.",,,,
b538e867-50d3-43b2-a36d-a0e8a06b394a,http://urn.fi/URN:NBN:fi:au:ptvl:v1161,VALID,,P19.2,P19,Väestönsuojelu,Befolkningsskydd,Civil defence,"Tähän alapalveluluokkaan liittyvät väestönsuojat, väestönsuojelukoulutus ja muu siviiliväestön kriisitilanteessa suojeluun liittyvät palvelut ja toiminta sekä huoltovarmuus.",,,,
afa9820c-f7f8-4b24-bb10-d42f30e19ec7,http://urn.fi/URN:NBN:fi:au:ptvl:v1162,VALID,,P19.3,P19,Hätänumerot ja onnettomuustilanteet,Nödnummer och olyckor,Emergency numbers and accidents,"Tässä palvelualaluokassa käsitellään 112-numeroa, eri viranomaisten erityisiä hätäpalvelunumeroja sekä onnettomuuksiin liittyviä pelastus- ja kriisipalveluja niin paikan päällä kuin onnettomuuden jälkihoidossa. Myös onnettomuuksien ehkäisemiseen tähtäävät palvelut ja onnettomuustutkinta kuuluvat tähän luokkaan.",,,,
023d11ca-df38-456a-a112-3e57e5d3dde8,http://urn.fi/URN:NBN:fi:au:ptvl:v1164,VALID,,P19.4,P19,Maanpuolustus,Försvar,National defence,"Tässä palvelualaluokassa käsitellään asevelvollisuutta, asevelvollisen palveluja ja tukia, asevelvollisuuden suorittamisen tapoja, palveluksessa tapahtuneiden tapaturmien korvaamista sekä reserviläistoimintaa, vapaaehtoista maanpuolustusta ja kertausharjoituksia.",,,,
b57a4dfe-6026-442b-824f-ce8bbf8370b7,http://urn.fi/URN:NBN:fi:au:ptvl:v1165,VALID,,P19.5,P19,Rajavalvonta,Gränsbevakning,Border guarding,"Tähän alapalveluluokkaan kuuluu rajavartiolaitoksen toiminta: rajanylitykseen liittyvät asiat, rajatarkastukset, rajavyöhykelupa.",,,,
bb294ad0-b83e-43fd-84a3-3f269992806b,http://urn.fi/URN:NBN:fi:au:ptvl:v1166,VALID,,P19.6,P19,Säteilyturvallisuus,Strålsäkerhet,Radiation safety,"Tähän alapalveluluokkaan kuuluvat Säteilyturvakeskuksen mittaus-, ohje- ja tietopalvelut sekä paikalliset asumisympäristön säteilymittauspalvelut.",,,,
b89bb609-a8cf-4d81-bc4a-b8759c625170,http://urn.fi/URN:NBN:fi:au:ptvl:v1167,VALID,,P20,,Järjestys,Ordning,Public order,"Tässä luokassa käsitellään yhteiskuntajärjestyksen ja turvallisuuden ylläpitoa normaalioloissa. Luokkaan kuuluvat ensi sijassa poliisin ja muiden järjestyksen valvonnasta vastuussa olevien palvelut.",,,,
81b78ec7-5362-4069-84db-5cdf78eddf03,http://urn.fi/URN:NBN:fi:au:ptvl:v1168,VALID,,P20.1,P20,Järjestyksen valvonta ja poliisin myöntämät luvat,Övervakning av ordning och tillstånd som beviljas av polisen,Maintaining public order and licences and permits granted by the police,"Tähän palvelualaluokkaan kuuluvat palvelut, jotka liittyvät viranomaisten ja heidän valtuuttamiensa tahojen suorittamaan järjestyksen ylläpitoon ja valvontaan. Tässä luokassa ovat myös poliisin vastuulla olevat lupa-asiat.",,,,
681e11d2-178d-4980-ab0c-2b5428b65719,http://urn.fi/URN:NBN:fi:au:ptvl:v1169,VALID,,P20.2,P20,Tilaisuuksien järjestäminen,Ordnande av evenemang,Organisation of public events,"Tässä palvelualaluokassa käsitellään niitä palveluja ja velvoittavia menettelyjä, jotka liittyvät yleisötilaisuuksien ja julkisilla paikoilla tapahtuvien yleisten kokousten kuten mielenosoitusten järjestämiseen.",,,,
e5261517-2a50-4d07-a585-2aa22f52f290,http://urn.fi/URN:NBN:fi:au:ptvl:v1170,VALID,,P20.3,P20,Löytötavarat,Hittegods,Lost and found property,"Tähän luokkaan liittyvät löytötavaran toimittaminen löytötavarapalveluun sekä löytötavaran säilyttämisen, kyselyn ja omistajalle luovuttamisen menettelyt.",,,,
509864aa-0c5a-41fe-bc8d-58c0695b887d,http://urn.fi/URN:NBN:fi:au:ptvl:v1171,VALID,,P21,,Kuluttaja-asiat,Konsumentärenden,Consumer matters,"Tässä palveluluokassa käsitellään kuluttajansuojaa ja kuluttajan oikeuksia tavara- ja palvelukaupan sekä vakuutusten kannalta.",,,,
678ccd30-beb7-4a1b-8ed3-5305d3ad3389,http://urn.fi/URN:NBN:fi:au:ptvl:v1172,VALID,,P21.1,P21,Kuluttajansuoja,Konsumentskydd,Consumer protection,"Tähän palvelualaluokkaan kuuluvat kuluttajan oikeudet ja niihin liittyvät tietopalvelut, valitukset, palautukset ja riitatilanteiden käsittely. Luokassa huomioidaan niin tavarakauppa (myymälä- ja verkko-ostaminen), matkailupalvelut ja muut aineettomat palvelut.",,,,
3a049e12-944c-4cd7-8013-e97a06730465,http://urn.fi/URN:NBN:fi:au:ptvl:v1173,VALID,,P21.2,P21,Vakuutukset,Försäkringar,Insurance,"Tässä palvelualaluokassa käsitellään lakisääteisiä ja vapaaehtoisia vakuutuksia, niiden ottamista ja ehtoja, korvausmenettelyjä ja vakuutuspäätöksistä valittamista.",,,,
7dc20005-4e14-48d4-8039-2759a13d9cf6,http://urn.fi/URN:NBN:fi:au:ptvl:v1174,VALID,,P22,,Maahan- ja maastamuutto,Immigration och emigration,Immigration and emigration,"Tässä palveluluokassa käsitellään ulkomaan kansalaisen muuttamista Suomeen ja Suomen kansalaisen muuttamista ulkomaille ja takaisin Suomeen. Luokkaan kuuluvat lakisääteiset menettelyt kuten luvat ja ilmoitukset sekä näiden lisäksi erilaiset tuki- ja neuvontapalvelut.",,,,
cc40dd39-be48-48ef-8c14-e91597453de8,http://urn.fi/URN:NBN:fi:au:ptvl:v1175,VALID,,P22.1,P22,Maahantuloluvat ja asiakirjat,Immigrationstillstånd och handlingar,Authorisations to enter and documents,"Tähän palvelualaluokkaan kuuluvat Suomeen tulemiseksi edellytettävät asiakirjat, niiden hakeminen ja käyttö.",,,,
e20ba2ca-391b-47fa-88c0-623ac8ac9750,http://urn.fi/URN:NBN:fi:au:ptvl:v1176,VALID,,P22.2,P22,Maahanmuuttajan työskentely ja opiskelu,Invandrares arbete och studier,Immigrants’ employment and studies,"Tässä palvelualaluokassa käsitellään ulkomaan kansalaisen työhön tai opiskeluun tarvitsemia lupia sekä koulutus- ja työmarkkinoilla maahanmuuttajalle tarjottavia tukipalveluja.",,,,
ff4f4e7f-6a8e-4184-b556-a21caa484f51,http://urn.fi/URN:NBN:fi:au:ptvl:v1177,VALID,,P22.3,P22,Kielikurssit,Språkkurser,Language courses,"Tähän palvelualaluokkaan kuuluvat erityisesti kotouttamisohjelmiin kuuluvat mutta myös muuten maahanmuuttajan Suomessa oleskelun alkuvaiheisiin tarkoitetut suomen ja ruotsin kielten kurssit ja niille hakeutuminen.",,,,
85e910c5-9f26-4901-b728-d34e0ebd6a57,http://urn.fi/URN:NBN:fi:au:ptvl:v1178,VALID,,P22.4,P22,Kansalaisuuden hakeminen,Ansökan om medborgarskap,Citizenship applications,"Tässä palvelualaluokassa käsitellään Suomen kansalaisuuden hakemisen prosessiin liittyviä menettelyjä, velvoitteita ja palveluja.",,,,
d4384630-28f9-4a5f-bb43-dc69982878c1,http://urn.fi/URN:NBN:fi:au:ptvl:v1179,VALID,,P22.5,P22,Muuttaminen Suomesta toiseen pohjoismaahan,Flyttning från Finland till ett annat nordiskt land,Moving from Finland to another Nordic country,"Tähän palvelualaluokkaan kuuluvat menettelyt ja palvelut, joita käytetään luokkaotsikon mukaisessa muuttotilanteessa. Näitä ovat tyypillisesti muuttoilmoituksiin, sosiaaliturvaan ja kansalaisuuteen liittyvät asiat.",,,,
51338aee-617e-42eb-a541-1893252a517a,http://urn.fi/URN:NBN:fi:au:ptvl:v1180,VALID,,P22.6,P22,Muuttaminen Suomesta toiseen EU-valtioon,Flyttning från Finland till ett annat EU-land,Moving from Finland to another EU Member State,"Tähän palvelualaluokkaan kuuluvat menettelyt ja palvelut, joita käytetään luokkaotsikon mukaisessa muuttotilanteessa. Näitä ovat tyypillisesti muuttoilmoituksiin, sosiaaliturvaan ja kansalaisuuteen liittyvät asiat.",,,,
5ddd8b1c-8574-40d1-a1dd-ee4db06f87ae,http://urn.fi/URN:NBN:fi:au:ptvl:v1181,VALID,,P22.7,P22,Muuttaminen Suomesta EU:n ulkopuolelle,Flyttning från Finland till ett land utanför EU,Moving from Finland to a non-EU country,"Tähän palvelualaluokkaan kuuluvat menettelyt ja palvelut, joita käytetään luokkaotsikon mukaisessa muuttotilanteessa. Näitä ovat tyypillisesti muuttoilmoituksiin, sosiaaliturvaan ja kansalaisuuteen liittyvät asiat.",,,,
25c4db05-fbeb-46a5-9b0d-1ca783735654,http://urn.fi/URN:NBN:fi:au:ptvl:v1182,VALID,,P22.8,P22,Ulkosuomalaiset,Finländare i utlandet,Expatriate Finns,"Tähän palvelualaluokkaan kuuluvat palvelut, jotka on erityisesti suunnattu ulkomailla asuville Suomen kansalaisille.",,,,
b8f18421-68d6-4db5-b8f9-2f86acfdb3aa,http://urn.fi/URN:NBN:fi:au:ptvl:v1183,VALID,,P22.9,P22,Paluumuutto,Återvändande,Return migration,"Tähän palvelualaluokkaan kuuluvat menettelyt ja palvelut, joita sovelletaan Suomen kansalaisen muuttaessa takaisin Suomeen vakituisen ulkomailla asumisen jälkeen.",,,,
b9793d66-cee3-4107-a0d7-498365272043,http://urn.fi/URN:NBN:fi:au:ptvl:v1184,VALID,,P23,,Ympäristö,Miljö,The environment,"Tässä palveluluokassa käsitellään ympäristöön liittyviä palveluja sekä luonnonympäristöjen että asumis- ja muun rakennetun ympäristön kannalta.",,,,
36f56ba0-ad45-48ae-a4d3-6fa0d7bcd359,http://urn.fi/URN:NBN:fi:au:ptvl:v1185,VALID,,P23.1,P23,Ympäristön- ja luonnonsuojelu,Miljö- och naturskydd,Environmental protection and conservation,"Tähän palvelualaluokkaan kuuluvat ensi sijassa ympäristöhaittoja ehkäisevät menettelyt kuten tunnettujen haittatekijöiden säätely, lajien suojelu, luonnontilaisten alueiden perustaminen sekä koulutus- ja neuvontapalvelut.",,,,
85a81181-f7da-491a-820a-a18b1ffd99f5,http://urn.fi/URN:NBN:fi:au:ptvl:v1186,VALID,,P23.2,P23,Jätehuolto,Avfallshantering,Waste management,"Tässä palveluluokassa käsitellään, kunnallista lakisääteistä jätehuoltoa, jätteisiin liittyvää paikallista tutkimusta ja selvityksiä sekä aiheeseen liittyviä tietopalveluja.",,,,
235e318f-a5ee-4a42-9ab1-070c5671c881,http://urn.fi/URN:NBN:fi:au:ptvl:v1187,VALID,,P23.3,P23,Vesihuolto,Vattenförsörjning,Water supply,"Tähän palvelualaluokkaan kuuluvat ensi sijassa rakennetun ympäristön jätevesien käsittelyyn liittyvät asiat niin liiketiloissa, ympärivuotisissa asunnoissa kuin loma- ja vapaa-ajan kiinteistöissä.",,,,
a961522c-0d7d-423b-bdc2-ab87bcb11b0b,http://urn.fi/URN:NBN:fi:au:ptvl:v1188,VALID,,P23.5,P23,Ympäristöilmoitukset ja luvat,Miljöanmälan och -tillstånd,Environmental notifications and permits,"Tähän palvelualaluokkaan kuuluvat ne ilmoitus- ja lupamenettelyt, jotka liittyvät ympäristöä pysyvästi muuttaviin tai ympäristölle mahdollisesti haitallisiin toimenpiteisiin kuten kaivostoimintaan tai ympäristövaarallisiin kemikaaleihin.",,,,
b67ede02-09d4-4565-a49e-008aa93d382c,http://urn.fi/URN:NBN:fi:au:ptvl:v1189,VALID,,P23.6,P23,Rakennusperintö ja kulttuuriympäristöt,Bebyggda miljöer och kulturmiljöer,Building heritage and cultural environments,"Tässä palvelualaluokassa käsitellään palveluja ja menettelyjä, joilla suojellaan arvokkaaksi katsottua rakennuskantaa joko yksittäisinä rakennuksina tai rakennuskokonaisuuksina.",,,,
65fddcf3-8cbf-4321-b5e2-669910647617,http://urn.fi/URN:NBN:fi:au:ptvl:v1190,VALID,,P23.7,P23,Ympäristövalvonta ja -terveydenhuolto,Miljötillsyn och -hälsovård,Environmental oversight and hygiene,"Tähän palvelualaluokkaan kuuluvat ne lakisääteiset viranomaismenettelyt, joiden avulla kuntatasolla huolehditaan luonnonympäristön tilasta ja elinympäristön terveellisyydestä.",,,,
fcbdec17-ba25-4017-ac75-62b670a8307d,http://urn.fi/URN:NBN:fi:au:ptvl:v1191,VALID,,P24,,"Luonnonvarat, eläimet ja kasvit","Naturresurser, djur och växter","Natural resources, flora and fauna","Tässä palveluluokassa käsitellään luonnonvaroja kuten kasveja ja eläimiä lähinnä tuotantotalouden kannalta.",,,,
dea14665-9a41-4b9f-bb69-91d8608c4c21,http://urn.fi/URN:NBN:fi:au:ptvl:v1192,VALID,,P24.1,P24,Luonnonvaraiset kasvit ja eläimet,Vilda växter och djur,Wild plants and animals,"Tähän palvelualaluokkaan kuuluvat luonnonvaraisiin kasveihin ja eläimiin liittyvät palvelut kuten luvat, havaintoilmoitusten tekeminen ja erilaiset tietopalvelut.",,,,
5cd3bf42-627e-4de1-9f98-e70d2ce2fee0,http://urn.fi/URN:NBN:fi:au:ptvl:v1193,VALID,,P24.2,P24,Kasvintuotanto,Växtproduktion,Plant production,"Tässä palvelualaluokassa käsitellään ammattimaiseen kasvituotantoon liittyviä palveluja kuten tuotantotukia, tuholaistorjuntaa ja satovahinkokorvauksia.",,,,
8b9598ea-941e-4dea-8b58-a0c97d5e3632,http://urn.fi/URN:NBN:fi:au:ptvl:v1194,VALID,,P24.3,P24,Tuotantoeläimet,Produktionsdjur,Production animals,"Tässä palvelualaluokassa käsitellään tuotantoeläimiin liittyviä palveluja kuten tuotantotukia, ilmoitusvelvoitteita, eläinvahinkokorvauksia ja eläinten hyvinvointiin liittyviä yleisiä velvoitteita.",,,,
ac681c83-51ef-4f4e-b923-1843be53c156,http://urn.fi/URN:NBN:fi:au:ptvl:v1195,VALID,,P24.4,P24,Elintarviketuotanto,Livsmedelsproduktion,Food production,"Tähän palvelualaluokkaan kuuluvat muun muassa elintarvikkeiden turvallisuuteen, elintarviketuotannon valvontaan ja luomutuotantoon liittyvät palvelut.",,,,
0157eb42-e392-4a8d-bed8-eb686bf8fee0,http://urn.fi/URN:NBN:fi:au:ptvl:v1196,VALID,,P24.5,P24,Eläinlääkäripalvelut,Veterinärtjänster,Veterinary services,"Tähän palvelualaluokkaan kuuluvat palvelut, joiden puitteissa niin tuotanto- kuin lemmikkieläimiä suojataan kärsimykseltä ja edistetään eläinten terveyttä ja hyvinvointia. Tähän liittyvät alueelliset ja paikalliset eläinlääkäripalvelut, tautien ehkäisy, eläinten elinolojen ja hoidon laatu.",,,,
4b001c83-eefd-4ae9-89be-336419f874ec,http://urn.fi/URN:NBN:fi:au:ptvl:v1197,VALID,,P24.6,P24,"Metsä-, vesi- ja mineraalivarat","Skogs-, vatten och mineralresurser","Forest, water and mineral resources","Tähän palvelualaluokassa käsitellään palveluja, jotka liittyvät muiden kuin kasvi- tai eläinluonnonvarojen hyötykäyttöön hallinnollisessa tai kaupallisessa tarkoituksessa.",,,,
fa105eaf-d963-4ae4-b034-7b9a73ff3b76,http://urn.fi/URN:NBN:fi:au:ptvl:v1198,VALID,,P25,,Kulttuuri,Kultur,Culture,"Tässä palveluluokassa käsitellään kulttuuripalveluja laajasti taiteen eri alojen, kirjastolaitoksen, uskonnollisten yhteisöjen ja vapaan sivistystyön puitteissa. Myös erilaiset vapaa-ajan palvelut kuuluvat tähän luokkaan.",,,,
d4411836-c4ae-466c-8fc7-0304d5a0fc36,http://urn.fi/URN:NBN:fi:au:ptvl:v1199,VALID,,P25.1,P25,Kirjastot,Bibliotek,Libraries,"Tähän palvelualaluokkaan kuuluvat kunnalliset ja valtakunnalliset yleis- ja erikoiskirjastot palveluineen.",,,,
87775a9a-cfe3-41bb-b500-1cfe0b26d4a0,http://urn.fi/URN:NBN:fi:au:ptvl:v1200,VALID,,P25.2,P25,Taiteet,Konst,Arts,"Tässä palvelualaluokassa käsitellään kuvataiteisiin, taideteollisuuteen, eri esittäviin taiteisiin, musiikkiin ja kirjallisuuteen liittyvää ammatillista ja korkea-asteen koulutusta, yleisölle suunnattuja näyttelyjä ja tapahtumia sekä taidekokoelmiin liittyviä tietopalveluja.",,,,
41adb322-9d3d-4ad3-b960-4db97457ea13,http://urn.fi/URN:NBN:fi:au:ptvl:v1201,VALID,,P25.3,P25,Museot,Museer,Museums,"Tähän palvelualaluokkaan liittyvät museoiden fyysiset palvelupisteet ja näyttelytoiminta, rakennusperinnön suojeluun liittyvät asiat sekä museoalan sähköiset palvelut kuten tietopalvelut ja kulttuuriperinnön digitointi.",,,,
bd81a676-771e-4e59-a707-bef653df3a58,http://urn.fi/URN:NBN:fi:au:ptvl:v1202,VALID,,P25.4,P25,Arkistot,Arkiv,Archives,"Tähän palvelualaluokkaan kuuluvat ensi sijassa Kansallisarkiston, sen alaisten maakunta-arkistojen sekä muiden säädösperustaisesti toimivien arkistojen palvelut.",,,,
6c5b9aeb-b3cb-456e-801a-a3777ed00bd9,http://urn.fi/URN:NBN:fi:au:ptvl:v1203,VALID,,P25.5,P25,Vapaa-ajan palvelut,Fritidstjänster,Free-time services,"Tähän palvelualaluokkaan kuuluvat vapaa-ajan piiriin laajasti katsottavat palvelut. Tähän luokkaan eivät kuulu liikunnan ja urheilun palvelut, jotka ovat omassa pääluokassaan.",,,,
ebccc609-cf6a-457e-969c-9042d9949c3c,http://urn.fi/URN:NBN:fi:au:ptvl:v1204,VALID,,P25.6,P25,Uskonnot ja elämänkatsomukset,Religioner och livsåskådningar,Religions and world views,"Tässä palvelualaluokassa käsitellään sekä kansankirkkojen, muiden rekisteröityjen uskonnollisten yhteisöjen ja ei-uskonnollisten rekisteröityjen elämänkatsomuksellisten yhteisöjen palveluja. Näitä ovat esimerkiksi yhteisöön liittymisen ja siitä eroamisen asiointipalvelut sekä kasvatukselliset ja sosiaaliset palvelut.",,,,
ca2c85d2-43ea-4cac-8292-bc5ddd07ee06,http://urn.fi/URN:NBN:fi:au:ptvl:v1205,VALID,,P25.7,P25,Vapaa sivistystyö ja taidekasvatus,Fritt bildningsarbete och konstfostran,Free adult education and art education,"Tähän palvelualaluokkaan kuuluvat kaikille avointa opisto- ja korkeakouluopetusta, eri taiteiden avointa opetusta sekä lasten ja nuorten taidekasvatusta antavat oppilaitokset opetussisältöineen.",,,,
0c656e4f-7830-4cc1-999f-c121bc69ee1a,http://urn.fi/URN:NBN:fi:au:ptvl:v1206,VALID,,P26,,Viestintä,Kommunikation,Communications,"Tässä palveluluokassa käsitellään viestintää joukkoviestinnän ja sähköisen viestinnän (YLE, operaattorit, JSN, sananvapaus, yksityisyys, verkkotunnukset, postipalvelut) säädösten ja peruspalvelujen kannalta. Luokkaan kuuluvat mm. Yleisradio, julkisen sanan neuvosto, tele- ja internetoperaattorit sekä viestinnän säädökset.",,,,
5396f886-9f99-491c-9738-97a4bd95101a,http://urn.fi/URN:NBN:fi:au:ptvl:v1207,VALID,,P26.1,P26,Joukkoviestimet,Massmedier,Mass media,"Tähän palveluluokkaan kuuluvat perinteiset joukkoviestimet (radio, televisio, lehdistö) eri palveluineen, joukkoviestimiin liityvät toimiluvat sekä sananvapauskysymykset.",,,,
3a2b7982-09e2-4c38-989e-667012d4f58e,http://urn.fi/URN:NBN:fi:au:ptvl:v1208,VALID,,P26.2,P26,Postipalvelut,Posttjänster,Postal services,"Tähän palveluluokkaan kuuluvat ne palvelut, jotka on määritelty postipalvelulain puitteissa julkisiksi tehtäviksi.",,,,
7d8247b2-58dd-4680-9962-69221d183b21,http://urn.fi/URN:NBN:fi:au:ptvl:v1209,VALID,,P26.3,P26,Tietoliikenne,Datakommunikation,Data communications,"Tähän palveluluokkaan kuuluvat verkko-operaattoreiden palvelut, verkon häiriöistä tiedottaminen, internetin turvallisuus, internet-tunnusten saatavuus ja käyttö sekä kuluttajan asema tietoliikennepalvelujen käyttäjänä.",,,,
69f957f3-f206-44d2-8688-7285d38b8451,http://urn.fi/URN:NBN:fi:au:ptvl:v1210,VALID,,P27,,Liikunta ja ulkoilu,Motion och friluftsliv,Sports and outdoor activities,"Tässä palveluluokassa käsitellään kuntoliikuntaan, ulkoiluun ja luonnossa tapahtuvaan vapaa-ajan toimintaan liittyviä palveluja.",,,,
8e2c4481-6850-4ed4-9f9f-196ed6c312bb,http://urn.fi/URN:NBN:fi:au:ptvl:v1211,VALID,,P27.1,P27,Liikunta ja urheilu,Motion och idrott,Sports and exercise,"Tähän palvelualaluokkaan kuuluvat liikuntapaikat, urheiluopistot ja niiden palvelut, liikunnan tietopalvelut ja urheiluseurojen sekä liikuntajärjestöjen toiminta.",,,,
85a5473d-f69b-42d4-bb21-a32714282c52,http://urn.fi/URN:NBN:fi:au:ptvl:v1212,VALID,,P27.2,P27,Retkeily,Camping,Hiking,"Tässä palvelualaluokassa käsitellään luonnon virkistyskäyttöä, johon kuuluvat jokamiehenoikeudet, retkeilyalueet ja -kartat, luontokeskukset ja kansallispuistot.",,,,
3aecfdc1-e6ef-4b60-ad23-13abaf458d48,http://urn.fi/URN:NBN:fi:au:ptvl:v1213,VALID,,P27.3,P27,Veneily,Båtliv,Boating,"Tähän palvelualaluokkaan kuuluvat venesatamat ja -paikat, veneilyn turvallisuus, säännöt ja säädökset, vesialueiden kartat sekä veneilykoulutus.",,,,
5caa8f2a-6333-4d4e-b570-92e22b4c950a,http://urn.fi/URN:NBN:fi:au:ptvl:v1214,VALID,,P27.4,P27,Metsästys,Jakt,Hunting,"Tähän palvelualaluokkaan kuuluvat metsästyskaudet ja -kiintiöt, metsästäjän tutkinnot ja luvat, riistanhoitoyhdistykset ja suurpetohavaintojen ilmoittaminen.",,,,
6411dec8-76ba-4c4a-8207-a975e88f9a31,http://urn.fi/URN:NBN:fi:au:ptvl:v1215,VALID,,P27.5,P27,Kalastus,Fiske,Fishing,"Tähän palvelualaluokkaan kuuluvat kalastusluvat ja kalastonhoitomaksut sekä vapaa-ajan kalastuksen lajien suojeluun perustuvat paikalliset ja kausiluonteiset rajoitukset.",,,,
974ca946-4c62-4cc6-a409-e9ee05ab4db4,http://urn.fi/URN:NBN:fi:au:ptvl:v1216,VALID,,P23.4,P23,Energiahuolto,Energiförsörjning,Energy supply,"Tähän palveluluokkaan kuuluvat rakennetun ympäristön energiatuotantoon ja -jakeluun kuuluvat palvelut.",,,,
be12f4b0-89e8-444d-8dfc-5b7fc90ecf62,http://urn.fi/URN:NBN:fi:au:ptvl:v1217,VALID,,P9.1,P9,Tilasto- ja tietopalvelut,Statistik- och informationstjänster,Statistics and information services,"Tämä alapalveluluokka sisältää palvelut, joiden tehtävänä on tuottaa tai kerätä, ylläpitää ja tarjota systemaattisesti (tilastollisesti tai muulla tavoin) tuotettua tietoa yhteiskunnasta, luonnonympäristöstä tai organisaatioiden toiminnasta.",,,,
e483beb9-2891-4f6b-ac6e-3890a3a59c57,http://urn.fi/URN:NBN:fi:au:ptvl:v1218,VALID,,P9.2,P9,Asiakirja- ja tietopyynnöt,Begäran om dokument och information,Requests for public documents and information,"Tämä alapalveluluokka sisältää julkishallinnon palvelut, joissa kansalaiset, yhteisöt ja toiset viranomaiset voivat pyytää itselleen viranomaisen virallisia asiakirjoja tai muita viranomaisen hallinnoimia tietoja (tyypillisesti organisaation kirjaamosta) niissä puitteissa, kuin heillä on näiden tietojen saamiseen oikeus.",,,,
a69235b8-3fc9-400b-8f31-0d9c45fd5bb7,http://urn.fi/URN:NBN:fi:au:ptvl:v1219,VALID,,P9.3,P9,Rekisterit ja tietokannat,Register och databaser,Government (state and local) registers and databases,"Tämä alapalveluluokka sisältää julkishallinnon rekisterien ja tietokantojen sisältämän aineiston lainmukaisen, palveluluonteisen hyödyntämisen yksittäisinä tietoluovutuksina tai koneellisena tietojen yhteiskäyttönä järjestelmien välillä.",,,,
21498518-d46b-4466-a6a9-de720ea33b69,http://urn.fi/URN:NBN:fi:au:ptvl:v1220,VALID,,P9.4,P9,Asioinnin tukipalvelut,Stödtjänster för ärendehantering,Support services for public services users,"Tämä alapalveluluokka sisältää hallinnon asiakkaan asiointitapahtumiin ja prosesseihin liittyviä tukipalveluja kuten esimerkiksi käyttötukea sekä digitaalisia varmenne-, ajanvaraus- ja allekirjoituspalveluja.",,,,
f7228235-7db7-49ae-9803-a7aced6fefdb,http://urn.fi/URN:NBN:fi:au:ptvl:v1221,VALID,,P9.5,P9,Viranomaisten kuulutukset ja ilmoitukset,Myndigheters kungörelser och annonser,Official notifications and declarations,"Tämä alapalveluluokka sisältää sähköiset palvelut, joissa viranomaiset julkaisevat viralliset kuulutuksensa ja ilmoituksensa.",,,,
1b6bcf1e-98b1-4cba-8b52-03c5b1f14011,http://urn.fi/URN:NBN:fi:au:ptvl:v1222,VALID,,P9.6,P9,Hallinnon yleiset neuvontapalvelut,Förvaltningens generella rådgivningstjänster,General advisory services in the public sector,"Tämä alapalveluluokka sisältää viranomaisten kansalaisille ja yhteisöille tuottamia yleisluonteisia neuvontapalveluja kuten esimerkiksi Kansalaisneuvonta.",,,,
