CODEVALUE,ID,STATUS,HIERARCHYLEVEL,PREFLABEL_FI,PREFLABEL_SV,PREFLABEL_EN,DEFINITION_FI,DEFINITION_SV,DEFINITION_EN,DESCRIPTION_FI,DESCRIPTION_SV,DESCRIPTION_EN,SHORTNAME,STARTDATE,ENDDATE
aa,,INVALID,,Afar,afar,,,,,,,,,,
ab,,INVALID,,Abkhazian,abhaasi,,,,,,,,,,
ace,,INVALID,,Achinese,atšeh,,,,,,,,,,
ach,,INVALID,,Acoli,atšoli,,,,,,,,,,
ada,,INVALID,,Adangme,adangme,,,,,,,,,,
ady,,INVALID,,Adyghe,adyge,,,,,,,,,,
ae,,INVALID,,Avestan,avesta,,,,,,,,,,
aeb,,INVALID,,Tunisian Arabic,tunisianarabia,,,,,,,,,,
af,,INVALID,,Afrikaans,afrikaans,,,,,,,,,,
afh,,INVALID,,Afrihili,afrihili,,,,,,,,,,
agq,,INVALID,,Aghem,aghem,,,,,,,,,,
ain,,INVALID,,Ainu,ainu,,,,,,,,,,
ak,,INVALID,,Akan,akan,,,,,,,,,,
akk,,INVALID,,Akkadian,akkadi,,,,,,,,,,
akz,,INVALID,,Alabama,alabama,,,,,,,,,,
ale,,INVALID,,Aleut,aleutti,,,,,,,,,,
alt,,INVALID,,Southern Altai,altai,,,,,,,,,,
am,,INVALID,,Amharic,amhara,,,,,,,,,,
an,,INVALID,,Aragonese,aragonia,,,,,,,,,,
ang,,INVALID,,Old English,muinaisenglanti,,,,,,,,,,
anp,,INVALID,,Angika,angika,,,,,,,,,,
ar,,INVALID,,Arabic,arabia,,,,,,,,,,
ar_001,,INVALID,,Modern Standard Arabic,yleisarabia,,,,,,,,,,
arc,,INVALID,,Aramaic,valtakunnanaramea,,,,,,,,,,
arn,,INVALID,,Mapuche,mapudungun,,,,,,,,,,
aro,,INVALID,,Araona,araona,,,,,,,,,,
arp,,INVALID,,Arapaho,arapaho,,,,,,,,,,
arq,,INVALID,,Algerian Arabic,algerianarabia,,,,,,,,,,
arw,,INVALID,,Arawak,arawak,,,,,,,,,,
ary,,INVALID,,Moroccan Arabic,marokonarabia,,,,,,,,,,
arz,,INVALID,,Egyptian Arabic,egyptinarabia,,,,,,,,,,
as,,INVALID,,Assamese,assami,,,,,,,,,,
asa,,INVALID,,Asu,asu,,,,,,,,,,
ase,,INVALID,,American Sign Language,amerikkalainen viittomakieli,,,,,,,,,,
ast,,INVALID,,Asturian,asturia,,,,,,,,,,
av,,INVALID,,Avaric,avaari,,,,,,,,,,
awa,,INVALID,,Awadhi,awadhi,,,,,,,,,,
avk,,INVALID,,Kotava,kotava,,,,,,,,,,
ay,,INVALID,,Aymara,aimara,,,,,,,,,,
az,,INVALID,,Azerbaijani,azeri,,,,,,,,,,
az-short,,INVALID,,Azeri,azeri,,,,,,,,,,
ba,,INVALID,,Bashkir,baškiiri,,,,,,,,,,
bal,,INVALID,,Baluchi,belutši,,,,,,,,,,
ban,,INVALID,,Balinese,bali,,,,,,,,,,
bar,,INVALID,,Bavarian,baijeri,,,,,,,,,,
bas,,INVALID,,Basaa,basaa,,,,,,,,,,
bax,,INVALID,,Bamun,bamum,,,,,,,,,,
bbc,,INVALID,,Batak Toba,batak-toba,,,,,,,,,,
bbj,,INVALID,,Ghomala,ghomala,,,,,,,,,,
be,,INVALID,,Belarusian,valkovenäjä,,,,,,,,,,
bej,,INVALID,,Beja,bedža,,,,,,,,,,
bem,,INVALID,,Bemba,bemba,,,,,,,,,,
bew,,INVALID,,Betawi,betawi,,,,,,,,,,
bez,,INVALID,,Bena,bena,,,,,,,,,,
bfd,,INVALID,,Bafut,fut,,,,,,,,,,
bfq,,INVALID,,Badaga,badaga,,,,,,,,,,
bg,,INVALID,,Bulgarian,bulgaria,,,,,,,,,,
bgn,,INVALID,,Western Balochi,länsibelutši,,,,,,,,,,
bho,,INVALID,,Bhojpuri,bhodžpuri,,,,,,,,,,
bi,,INVALID,,Bislama,bislama,,,,,,,,,,
bik,,INVALID,,Bikol,bikol,,,,,,,,,,
bin,,INVALID,,Bini,bini,,,,,,,,,,
bjn,,INVALID,,Banjar,banjar,,,,,,,,,,
bkm,,INVALID,,Kom,kom,,,,,,,,,,
bla,,INVALID,,Siksika,siksika,,,,,,,,,,
bm,,INVALID,,Bambara,bambara,,,,,,,,,,
bn,,INVALID,,Bangla,bengali,,,,,,,,,,
bo,,INVALID,,Tibetan,tiibet,,,,,,,,,,
bpy,,INVALID,,Bishnupriya,bišnupria,,,,,,,,,,
bqi,,INVALID,,Bakhtiari,bahtiari,,,,,,,,,,
br,,INVALID,,Breton,bretoni,,,,,,,,,,
bra,,INVALID,,Braj,bradž,,,,,,,,,,
brh,,INVALID,,Brahui,brahui,,,,,,,,,,
brx,,INVALID,,Bodo,bodo,,,,,,,,,,
bs,,INVALID,,Bosnian,bosnia,,,,,,,,,,
bss,,INVALID,,Akoose,koose,,,,,,,,,,
bua,,INVALID,,Buriat,burjaatti,,,,,,,,,,
bug,,INVALID,,Buginese,bugi,,,,,,,,,,
bum,,INVALID,,Bulu,bulu,,,,,,,,,,
byn,,INVALID,,Blin,bilin,,,,,,,,,,
byv,,INVALID,,Medumba,medumba,,,,,,,,,,
ca,,INVALID,,Catalan,katalaani,,,,,,,,,,
cad,,INVALID,,Caddo,caddo,,,,,,,,,,
car,,INVALID,,Carib,karibi,,,,,,,,,,
cay,,INVALID,,Cayuga,cayuga,,,,,,,,,,
cch,,INVALID,,Atsam,atsam,,,,,,,,,,
ce,,INVALID,,Chechen,tšetšeeni,,,,,,,,,,
ceb,,INVALID,,Cebuano,cebuano,,,,,,,,,,
cgg,,INVALID,,Chiga,kiga,,,,,,,,,,
ch,,INVALID,,Chamorro,tšamorro,,,,,,,,,,
chb,,INVALID,,Chibcha,tšibtša,,,,,,,,,,
chg,,INVALID,,Chagatai,tšagatai,,,,,,,,,,
chk,,INVALID,,Chuukese,chuuk,,,,,,,,,,
chm,,INVALID,,Mari,mari,,,,,,,,,,
chn,,INVALID,,Chinook Jargon,chinook-jargon,,,,,,,,,,
cho,,INVALID,,Choctaw,choctaw,,,,,,,,,,
chp,,INVALID,,Chipewyan,chipewyan,,,,,,,,,,
chr,,INVALID,,Cherokee,cherokee,,,,,,,,,,
chy,,INVALID,,Cheyenne,cheyenne,,,,,,,,,,
ckb,,INVALID,,Central Kurdish,sorani,,,,,,,,,,
co,,INVALID,,Corsican,korsika,,,,,,,,,,
cop,,INVALID,,Coptic,kopti,,,,,,,,,,
cps,,INVALID,,Capiznon,capiznon,,,,,,,,,,
cr,,INVALID,,Cree,cree,,,,,,,,,,
crh,,INVALID,,Crimean Turkish,krimintataari,,,,,,,,,,
crh-secondary,,INVALID,,Crimean Turkish,kriminturkki,,,,,,,,,,
cs,,INVALID,,Czech,tšekki,,,,,,,,,,
csb,,INVALID,,Kashubian,kašubi,,,,,,,,,,
cu,,INVALID,,Church Slavic,kirkkoslaavi,,,,,,,,,,
cv,,INVALID,,Chuvash,tšuvassi,,,,,,,,,,
cy,,INVALID,,Welsh,kymri,,,,,,,,,,
da,,INVALID,,Danish,tanska,,,,,,,,,,
dak,,INVALID,,Dakota,dakota,,,,,,,,,,
dar,,INVALID,,Dargwa,dargi,,,,,,,,,,
dav,,INVALID,,Taita,taita,,,,,,,,,,
de,,INVALID,,German,saksa,,,,,,,,,,
de_AT,,INVALID,,Austrian German,itävallansaksa,,,,,,,,,,
de_CH,,INVALID,,Swiss High German,sveitsinyläsaksa,,,,,,,,,,
del,,INVALID,,Delaware,delaware,,,,,,,,,,
den,,INVALID,,Slave,slevi,,,,,,,,,,
dgr,,INVALID,,Dogrib,dogrib,,,,,,,,,,
din,,INVALID,,Dinka,dinka,,,,,,,,,,
dje,,INVALID,,Zarma,djerma,,,,,,,,,,
doi,,INVALID,,Dogri,dogri,,,,,,,,,,
dsb,,INVALID,,Lower Sorbian,alasorbi,,,,,,,,,,
dtp,,INVALID,,Central Dusun,dusun,,,,,,,,,,
dua,,INVALID,,Duala,duala,,,,,,,,,,
dum,,INVALID,,Middle Dutch,keskihollanti,,,,,,,,,,
dv,,INVALID,,Divehi,divehi,,,,,,,,,,
dyo,,INVALID,,Jola-Fonyi,jola-fonyi,,,,,,,,,,
dyu,,INVALID,,Dyula,djula,,,,,,,,,,
dz,,INVALID,,Dzongkha,dzongkha,,,,,,,,,,
dzg,,INVALID,,Dazaga,dazaga,,,,,,,,,,
ebu,,INVALID,,Embu,embu,,,,,,,,,,
ee,,INVALID,,Ewe,ewe,,,,,,,,,,
efi,,INVALID,,Efik,efik,,,,,,,,,,
egl,,INVALID,,Emilian,emilia,,,,,,,,,,
egy,,INVALID,,Ancient Egyptian,muinaisegypti,,,,,,,,,,
eka,,INVALID,,Ekajuk,ekajuk,,,,,,,,,,
el,,INVALID,,Greek,kreikka,,,,,,,,,,
elx,,INVALID,,Elamite,elami,,,,,,,,,,
en,,INVALID,,English,englanti,,,,,,,,,,
en_AU,,INVALID,,Australian English,australianenglanti,,,,,,,,,,
en_CA,,INVALID,,Canadian English,kanadanenglanti,,,,,,,,,,
en_GB,,INVALID,,British English,britannianenglanti,,,,,,,,,,
en_GB-short,,INVALID,,UK English,englanti (Britannia),,,,,,,,,,
en_US,,INVALID,,American English,amerikanenglanti,,,,,,,,,,
en_US-short,,INVALID,,US English,englanti (USA),,,,,,,,,,
enm,,INVALID,,Middle English,keskienglanti,,,,,,,,,,
eo,,INVALID,,Esperanto,esperanto,,,,,,,,,,
es,,INVALID,,Spanish,espanja,,,,,,,,,,
es_419,,INVALID,,Latin American Spanish,amerikanespanja,,,,,,,,,,
es_ES,,INVALID,,European Spanish,euroopanespanja,,,,,,,,,,
es_MX,,INVALID,,Mexican Spanish,meksikonespanja,,,,,,,,,,
esu,,INVALID,,Central Yupik,alaskanjupik,,,,,,,,,,
et,,INVALID,,Estonian,viro,,,,,,,,,,
eu,,INVALID,,Basque,baski,,,,,,,,,,
ewo,,INVALID,,Ewondo,ewondo,,,,,,,,,,
ext,,INVALID,,Extremaduran,extremadura,,,,,,,,,,
fa,,INVALID,,Persian,farsi,,,,,,,,,,
fan,,INVALID,,Fang,fang,,,,,,,,,,
fa-secondary,,INVALID,,Persian,persia,,,,,,,,,,
fat,,INVALID,,Fanti,fanti,,,,,,,,,,
ff,,INVALID,,Fulah,fulani,,,,,,,,,,
fi,,INVALID,,Finnish,suomi,,,,,,,,,,
fil,,INVALID,,Filipino,filipino,,,,,,,,,,
fit,,INVALID,,Tornedalen Finnish,meänkieli,,,,,,,,,,
fj,,INVALID,,Fijian,fidži,,,,,,,,,,
fo,,INVALID,,Faroese,fääri,,,,,,,,,,
fon,,INVALID,,Fon,fon,,,,,,,,,,
fr,,INVALID,,French,ranska,,,,,,,,,,
fr_CA,,INVALID,,Canadian French,kanadanranska,,,,,,,,,,
fr_CH,,INVALID,,Swiss French,sveitsinranska,,,,,,,,,,
frc,,INVALID,,Cajun French,cajun,,,,,,,,,,
frm,,INVALID,,Middle French,keskiranska,,,,,,,,,,
fro,,INVALID,,Old French,muinaisranska,,,,,,,,,,
frp,,INVALID,,Arpitan,arpitaani,,,,,,,,,,
frr,,INVALID,,Northern Frisian,pohjoisfriisi,,,,,,,,,,
frs,,INVALID,,Eastern Frisian,itäfriisi,,,,,,,,,,
fur,,INVALID,,Friulian,friuli,,,,,,,,,,
fy,,INVALID,,Western Frisian,länsifriisi,,,,,,,,,,
ga,,INVALID,,Irish,iiri,,,,,,,,,,
gaa,,INVALID,,Ga,ga,,,,,,,,,,
gag,,INVALID,,Gagauz,gagauzi,,,,,,,,,,
gan,,INVALID,,Gan Chinese,gan-kiina,,,,,,,,,,
gay,,INVALID,,Gayo,gajo,,,,,,,,,,
gba,,INVALID,,Gbaya,gbaja,,,,,,,,,,
gbz,,INVALID,,Zoroastrian Dari,zoroastrialaisdari,,,,,,,,,,
gd,,INVALID,,Scottish Gaelic,gaeli,,,,,,,,,,
gez,,INVALID,,Geez,ge’ez,,,,,,,,,,
gil,,INVALID,,Gilbertese,kiribati,,,,,,,,,,
gl,,INVALID,,Galician,galicia,,,,,,,,,,
glk,,INVALID,,Gilaki,gilaki,,,,,,,,,,
gmh,,INVALID,,Middle High German,keskiyläsaksa,,,,,,,,,,
gn,,INVALID,,Guarani,guarani,,,,,,,,,,
goh,,INVALID,,Old High German,muinaisyläsaksa,,,,,,,,,,
gom,,INVALID,,Goan Konkani,goankonkani,,,,,,,,,,
gon,,INVALID,,Gondi,gondi,,,,,,,,,,
gor,,INVALID,,Gorontalo,gorontalo,,,,,,,,,,
got,,INVALID,,Gothic,gootti,,,,,,,,,,
grb,,INVALID,,Grebo,grebo,,,,,,,,,,
grc,,INVALID,,Ancient Greek,muinaiskreikka,,,,,,,,,,
gsw,,INVALID,,Swiss German,sveitsinsaksa,,,,,,,,,,
gu,,INVALID,,Gujarati,gudžarati,,,,,,,,,,
guc,,INVALID,,Wayuu,wayuu,,,,,,,,,,
gur,,INVALID,,Frafra,frafra,,,,,,,,,,
guz,,INVALID,,Gusii,gusii,,,,,,,,,,
gv,,INVALID,,Manx,manksi,,,,,,,,,,
gwi,,INVALID,,Gwichʼin,gwitšin,,,,,,,,,,
ha,,INVALID,,Hausa,hausa,,,,,,,,,,
hai,,INVALID,,Haida,haida,,,,,,,,,,
hak,,INVALID,,Hakka Chinese,hakka-kiina,,,,,,,,,,
haw,,INVALID,,Hawaiian,havaiji,,,,,,,,,,
he,,INVALID,,Hebrew,heprea,,,,,,,,,,
hi,,INVALID,,Hindi,hindi,,,,,,,,,,
hif,,INVALID,,Fiji Hindi,fidžinhindi,,,,,,,,,,
hil,,INVALID,,Hiligaynon,hiligaino,,,,,,,,,,
hit,,INVALID,,Hittite,heetti,,,,,,,,,,
hmn,,INVALID,,Hmong,hmong,,,,,,,,,,
ho,,INVALID,,Hiri Motu,hiri-motu,,,,,,,,,,
hr,,INVALID,,Croatian,kroatia,,,,,,,,,,
hsb,,INVALID,,Upper Sorbian,yläsorbi,,,,,,,,,,
hsn,,INVALID,,Xiang Chinese,xiang-kiina,,,,,,,,,,
ht,,INVALID,,Haitian Creole,haiti,,,,,,,,,,
hu,,INVALID,,Hungarian,unkari,,,,,,,,,,
hup,,INVALID,,Hupa,hupa,,,,,,,,,,
hy,,INVALID,,Armenian,armenia,,,,,,,,,,
hz,,INVALID,,Herero,herero,,,,,,,,,,
ia,,INVALID,,Interlingua,interlingua,,,,,,,,,,
iba,,INVALID,,Iban,iban,,,,,,,,,,
ibb,,INVALID,,Ibibio,ibibio,,,,,,,,,,
id,,INVALID,,Indonesian,indonesia,,,,,,,,,,
ie,,INVALID,,Interlingue,interlingue,,,,,,,,,,
ig,,INVALID,,Igbo,igbo,,,,,,,,,,
ii,,INVALID,,Sichuan Yi,sichuanin-yi,,,,,,,,,,
ik,,INVALID,,Inupiaq,inupiaq,,,,,,,,,,
ilo,,INVALID,,Iloko,iloko,,,,,,,,,,
inh,,INVALID,,Ingush,inguuši,,,,,,,,,,
io,,INVALID,,Ido,ido,,,,,,,,,,
is,,INVALID,,Icelandic,islanti,,,,,,,,,,
it,,INVALID,,Italian,italia,,,,,,,,,,
iu,,INVALID,,Inuktitut,inuktitut,,,,,,,,,,
izh,,INVALID,,Ingrian,inkeroinen,,,,,,,,,,
ja,,INVALID,,Japanese,japani,,,,,,,,,,
jam,,INVALID,,Jamaican Creole English,jamaikankreolienglanti,,,,,,,,,,
jbo,,INVALID,,Lojban,lojban,,,,,,,,,,
jgo,,INVALID,,Ngomba,ngomba,,,,,,,,,,
jmc,,INVALID,,Machame,machame,,,,,,,,,,
jpr,,INVALID,,Judeo-Persian,juutalaispersia,,,,,,,,,,
jrb,,INVALID,,Judeo-Arabic,juutalaisarabia,,,,,,,,,,
jut,,INVALID,,Jutish,juutti,,,,,,,,,,
jv,,INVALID,,Javanese,jaava,,,,,,,,,,
ka,,INVALID,,Georgian,georgia,,,,,,,,,,
kaa,,INVALID,,Kara-Kalpak,karakalpakki,,,,,,,,,,
kab,,INVALID,,Kabyle,kabyyli,,,,,,,,,,
kac,,INVALID,,Kachin,katšin,,,,,,,,,,
kaj,,INVALID,,Jju,jju,,,,,,,,,,
kam,,INVALID,,Kamba,kamba,,,,,,,,,,
kaw,,INVALID,,Kawi,kavi,,,,,,,,,,
kbd,,INVALID,,Kabardian,kabardi,,,,,,,,,,
kbl,,INVALID,,Kanembu,kanembu,,,,,,,,,,
kcg,,INVALID,,Tyap,tyap,,,,,,,,,,
kde,,INVALID,,Makonde,makonde,,,,,,,,,,
kea,,INVALID,,Kabuverdianu,kapverdenkreoli,,,,,,,,,,
ken,,INVALID,,Kenyang,kenyang,,,,,,,,,,
kfo,,INVALID,,Koro,norsunluurannikonkoro,,,,,,,,,,
kg,,INVALID,,Kongo,kongo,,,,,,,,,,
kgp,,INVALID,,Kaingang,kaingang,,,,,,,,,,
kha,,INVALID,,Khasi,khasi,,,,,,,,,,
kho,,INVALID,,Khotanese,khotani,,,,,,,,,,
khq,,INVALID,,Koyra Chiini,koyra chiini,,,,,,,,,,
khw,,INVALID,,Khowar,khowar,,,,,,,,,,
ki,,INVALID,,Kikuyu,kikuju,,,,,,,,,,
kiu,,INVALID,,Kirmanjki,kirmanjki,,,,,,,,,,
kj,,INVALID,,Kuanyama,kuanjama,,,,,,,,,,
kk,,INVALID,,Kazakh,kazakki,,,,,,,,,,
kkj,,INVALID,,Kako,kako,,,,,,,,,,
kl,,INVALID,,Kalaallisut,kalaallisut,,,,,,,,,,
kln,,INVALID,,Kalenjin,kalenjin,,,,,,,,,,
kl-secondary,,INVALID,,Kalaallisut,grönlanti,,,,,,,,,,
km,,INVALID,,Khmer,khmer,,,,,,,,,,
kmb,,INVALID,,Kimbundu,kimbundu,,,,,,,,,,
kn,,INVALID,,Kannada,kannada,,,,,,,,,,
ko,,INVALID,,Korean,korea,,,,,,,,,,
koi,,INVALID,,Komi-Permyak,komipermjakki,,,,,,,,,,
kok,,INVALID,,Konkani,konkani,,,,,,,,,,
kos,,INVALID,,Kosraean,kosrae,,,,,,,,,,
kpe,,INVALID,,Kpelle,kpelle,,,,,,,,,,
kr,,INVALID,,Kanuri,kanuri,,,,,,,,,,
krc,,INVALID,,Karachay-Balkar,karatšai-balkaari,,,,,,,,,,
kri,,INVALID,,Krio,krio,,,,,,,,,,
krj,,INVALID,,Kinaray-a,kinaray-a,,,,,,,,,,
krl,,INVALID,,Karelian,karjala,,,,,,,,,,
kru,,INVALID,,Kurukh,kurukh,,,,,,,,,,
ks,,INVALID,,Kashmiri,kašmiri,,,,,,,,,,
ksb,,INVALID,,Shambala,shambala,,,,,,,,,,
ksf,,INVALID,,Bafia,bafia,,,,,,,,,,
ksh,,INVALID,,Colognian,kölsch,,,,,,,,,,
ku,,INVALID,,Kurdish,kurdi,,,,,,,,,,
kum,,INVALID,,Kumyk,kumykki,,,,,,,,,,
kut,,INVALID,,Kutenai,kutenai,,,,,,,,,,
kv,,INVALID,,Komi,komi,,,,,,,,,,
kw,,INVALID,,Cornish,korni,,,,,,,,,,
ky,,INVALID,,Kyrgyz,kirgiisi,,,,,,,,,,
la,,INVALID,,Latin,latina,,,,,,,,,,
lad,,INVALID,,Ladino,ladino,,,,,,,,,,
lad-secondary,,INVALID,,Ladino,juutalaisespanja,,,,,,,,,,
lag,,INVALID,,Langi,lango,,,,,,,,,,
lah,,INVALID,,Lahnda,lahnda,,,,,,,,,,
lam,,INVALID,,Lamba,lamba,,,,,,,,,,
lb,,INVALID,,Luxembourgish,luxemburg,,,,,,,,,,
lez,,INVALID,,Lezghian,lezgi,,,,,,,,,,
lfn,,INVALID,,Lingua Franca Nova,lingua franca nova,,,,,,,,,,
lg,,INVALID,,Ganda,ganda,,,,,,,,,,
li,,INVALID,,Limburgish,limburg,,,,,,,,,,
lij,,INVALID,,Ligurian,liguuri,,,,,,,,,,
liv,,INVALID,,Livonian,liivi,,,,,,,,,,
lkt,,INVALID,,Lakota,lakota,,,,,,,,,,
lmo,,INVALID,,Lombard,lombardi,,,,,,,,,,
ln,,INVALID,,Lingala,lingala,,,,,,,,,,
lo,,INVALID,,Lao,lao,,,,,,,,,,
lol,,INVALID,,Mongo,mongo,,,,,,,,,,
loz,,INVALID,,Lozi,lozi,,,,,,,,,,
lrc,,INVALID,,Northern Luri,pohjoisluri,,,,,,,,,,
lt,,INVALID,,Lithuanian,liettua,,,,,,,,,,
ltg,,INVALID,,Latgalian,latgalli,,,,,,,,,,
lu,,INVALID,,Luba-Katanga,katanganluba,,,,,,,,,,
lua,,INVALID,,Luba-Lulua,luluanluba,,,,,,,,,,
lui,,INVALID,,Luiseno,luiseño,,,,,,,,,,
lun,,INVALID,,Lunda,lunda,,,,,,,,,,
luo,,INVALID,,Luo,luo,,,,,,,,,,
lus,,INVALID,,Mizo,lusai,,,,,,,,,,
luy,,INVALID,,Luyia,luhya,,,,,,,,,,
lv,,INVALID,,Latvian,latvia,,,,,,,,,,
lzh,,INVALID,,Literary Chinese,klassinen kiina,,,,,,,,,,
lzz,,INVALID,,Laz,lazi,,,,,,,,,,
mad,,INVALID,,Madurese,madura,,,,,,,,,,
maf,,INVALID,,Mafa,mafa,,,,,,,,,,
mag,,INVALID,,Magahi,magahi,,,,,,,,,,
mai,,INVALID,,Maithili,maithili,,,,,,,,,,
mak,,INVALID,,Makasar,makassar,,,,,,,,,,
man,,INVALID,,Mandingo,mandingo,,,,,,,,,,
mas,,INVALID,,Masai,maasai,,,,,,,,,,
mde,,INVALID,,Maba,maba,,,,,,,,,,
mdf,,INVALID,,Moksha,mokša,,,,,,,,,,
mdr,,INVALID,,Mandar,mandar,,,,,,,,,,
men,,INVALID,,Mende,mende,,,,,,,,,,
mer,,INVALID,,Meru,meru,,,,,,,,,,
mfe,,INVALID,,Morisyen,morisyen,,,,,,,,,,
mg,,INVALID,,Malagasy,malagassi,,,,,,,,,,
mga,,INVALID,,Middle Irish,keski-iiri,,,,,,,,,,
mgh,,INVALID,,Makhuwa-Meetto,makua-meetto,,,,,,,,,,
mgo,,INVALID,,Metaʼ,meta’,,,,,,,,,,
mh,,INVALID,,Marshallese,marshall,,,,,,,,,,
mi,,INVALID,,Maori,maori,,,,,,,,,,
mic,,INVALID,,Mi’kmaq,micmac,,,,,,,,,,
min,,INVALID,,Minangkabau,minangkabau,,,,,,,,,,
mk,,INVALID,,Macedonian,makedonia,,,,,,,,,,
ml,,INVALID,,Malayalam,malajalam,,,,,,,,,,
mn,,INVALID,,Mongolian,mongoli,,,,,,,,,,
mnc,,INVALID,,Manchu,mantšu,,,,,,,,,,
mni,,INVALID,,Manipuri,manipuri,,,,,,,,,,
moh,,INVALID,,Mohawk,mohawk,,,,,,,,,,
mos,,INVALID,,Mossi,mossi,,,,,,,,,,
mr,,INVALID,,Marathi,marathi,,,,,,,,,,
mrj,,INVALID,,Western Mari,vuorimari,,,,,,,,,,
ms,,INVALID,,Malay,malaiji,,,,,,,,,,
mt,,INVALID,,Maltese,malta,,,,,,,,,,
mua,,INVALID,,Mundang,mundang,,,,,,,,,,
mus,,INVALID,,Creek,creek,,,,,,,,,,
mwl,,INVALID,,Mirandese,mirandeesi,,,,,,,,,,
mwr,,INVALID,,Marwari,marwari,,,,,,,,,,
mwv,,INVALID,,Mentawai,mentawai,,,,,,,,,,
my,,INVALID,,Burmese,burma,,,,,,,,,,
mye,,INVALID,,Myene,myene,,,,,,,,,,
myv,,INVALID,,Erzya,ersä,,,,,,,,,,
mzn,,INVALID,,Mazanderani,mazandarani,,,,,,,,,,
na,,INVALID,,Nauru,nauru,,,,,,,,,,
nan,,INVALID,,Min Nan Chinese,min nan -kiina,,,,,,,,,,
nap,,INVALID,,Neapolitan,napoli,,,,,,,,,,
naq,,INVALID,,Nama,nama,,,,,,,,,,
nb,,INVALID,,Norwegian Bokmål,norjan bokmål,,,,,,,,,,
nd,,INVALID,,North Ndebele,pohjois-ndebele,,,,,,,,,,
nds,,INVALID,,Low German,alasaksa,,,,,,,,,,
nds_NL,,INVALID,,Low Saxon,alankomaidenalasaksa,,,,,,,,,,
ne,,INVALID,,Nepali,nepali,,,,,,,,,,
new,,INVALID,,Newari,newari,,,,,,,,,,
ng,,INVALID,,Ndonga,ndonga,,,,,,,,,,
nia,,INVALID,,Nias,nias,,,,,,,,,,
niu,,INVALID,,Niuean,niue,,,,,,,,,,
njo,,INVALID,,Ao Naga,ao naga,,,,,,,,,,
nl,,INVALID,,Dutch,hollanti,,,,,,,,,,
nl_BE,,INVALID,,Flemish,flaami,,,,,,,,,,
nmg,,INVALID,,Kwasio,kwasio,,,,,,,,,,
nn,,INVALID,,Norwegian Nynorsk,norjan nynorsk,,,,,,,,,,
nnh,,INVALID,,Ngiemboon,ngiemboon,,,,,,,,,,
no,,INVALID,,Norwegian,norja,,,,,,,,,,
nog,,INVALID,,Nogai,nogai,,,,,,,,,,
non,,INVALID,,Old Norse,muinaisnorja,,,,,,,,,,
nov,,INVALID,,Novial,novial,,,,,,,,,,
nqo,,INVALID,,N’Ko,n’ko,,,,,,,,,,
nr,,INVALID,,South Ndebele,etelä-ndebele,,,,,,,,,,
nso,,INVALID,,Northern Sotho,pohjoissotho,,,,,,,,,,
nus,,INVALID,,Nuer,nuer,,,,,,,,,,
nv,,INVALID,,Navajo,navajo,,,,,,,,,,
nwc,,INVALID,,Classical Newari,klassinen newari,,,,,,,,,,
ny,,INVALID,,Nyanja,njandža,,,,,,,,,,
nym,,INVALID,,Nyamwezi,nyamwezi,,,,,,,,,,
nyn,,INVALID,,Nyankole,nyankole,,,,,,,,,,
nyo,,INVALID,,Nyoro,nyoro,,,,,,,,,,
nzi,,INVALID,,Nzima,nzima,,,,,,,,,,
oc,,INVALID,,Occitan,oksitaani,,,,,,,,,,
oj,,INVALID,,Ojibwa,odžibwa,,,,,,,,,,
om,,INVALID,,Oromo,oromo,,,,,,,,,,
or,,INVALID,,Odia,orija,,,,,,,,,,
os,,INVALID,,Ossetic,osseetti,,,,,,,,,,
osa,,INVALID,,Osage,osage,,,,,,,,,,
ota,,INVALID,,Ottoman Turkish,osmani,,,,,,,,,,
pa,,INVALID,,Punjabi,pandžabi,,,,,,,,,,
pag,,INVALID,,Pangasinan,pangasinan,,,,,,,,,,
pal,,INVALID,,Pahlavi,pahlavi,,,,,,,,,,
pam,,INVALID,,Pampanga,pampanga,,,,,,,,,,
pap,,INVALID,,Papiamento,papiamentu,,,,,,,,,,
pau,,INVALID,,Palauan,palau,,,,,,,,,,
pcd,,INVALID,,Picard,picardi,,,,,,,,,,
pdc,,INVALID,,Pennsylvania German,pennsylvaniansaksa,,,,,,,,,,
pdt,,INVALID,,Plautdietsch,plautdietsch,,,,,,,,,,
peo,,INVALID,,Old Persian,muinaispersia,,,,,,,,,,
pfl,,INVALID,,Palatine German,pfaltsi,,,,,,,,,,
phn,,INVALID,,Phoenician,foinikia,,,,,,,,,,
pi,,INVALID,,Pali,paali,,,,,,,,,,
pl,,INVALID,,Polish,puola,,,,,,,,,,
pms,,INVALID,,Piedmontese,piemonte,,,,,,,,,,
pnt,,INVALID,,Pontic,pontoksenkreikka,,,,,,,,,,
pon,,INVALID,,Pohnpeian,pohnpei,,,,,,,,,,
prg,,INVALID,,Prussian,muinaispreussi,,,,,,,,,,
pro,,INVALID,,Old Provençal,muinaisprovensaali,,,,,,,,,,
ps,,INVALID,,Pashto,paštu,,,,,,,,,,
pt,,INVALID,,Portuguese,portugali,,,,,,,,,,
pt_BR,,INVALID,,Brazilian Portuguese,brasilianportugali,,,,,,,,,,
pt_PT,,INVALID,,European Portuguese,euroopanportugali,,,,,,,,,,
qu,,INVALID,,Quechua,ketšua,,,,,,,,,,
quc,,INVALID,,Kʼicheʼ,kʼicheʼ,,,,,,,,,,
qug,,INVALID,,Chimborazo Highland Quichua,chimborazonylänköketšua,,,,,,,,,,
raj,,INVALID,,Rajasthani,radžastani,,,,,,,,,,
rap,,INVALID,,Rapanui,rapanui,,,,,,,,,,
rar,,INVALID,,Rarotongan,rarotonga,,,,,,,,,,
rgn,,INVALID,,Romagnol,romagnoli,,,,,,,,,,
rif,,INVALID,,Riffian,tarifit,,,,,,,,,,
rm,,INVALID,,Romansh,retoromaani,,,,,,,,,,
rn,,INVALID,,Rundi,rundi,,,,,,,,,,
ro,,INVALID,,Romanian,romania,,,,,,,,,,
ro_MD,,INVALID,,Moldavian,moldova,,,,,,,,,,
rof,,INVALID,,Rombo,rombo,,,,,,,,,,
rom,,INVALID,,Romany,romani,,,,,,,,,,
root,,INVALID,,Root,juuri,,,,,,,,,,
rtm,,INVALID,,Rotuman,rotuma,,,,,,,,,,
ru,,INVALID,,Russian,venäjä,,,,,,,,,,
rue,,INVALID,,Rusyn,ruteeni,,,,,,,,,,
rug,,INVALID,,Roviana,roviana,,,,,,,,,,
rup,,INVALID,,Aromanian,aromania,,,,,,,,,,
rw,,INVALID,,Kinyarwanda,ruanda,,,,,,,,,,
rwk,,INVALID,,Rwa,rwa,,,,,,,,,,
sa,,INVALID,,Sanskrit,sanskrit,,,,,,,,,,
sad,,INVALID,,Sandawe,sandawe,,,,,,,,,,
sah,,INVALID,,Sakha,jakuutti,,,,,,,,,,
sam,,INVALID,,Samaritan Aramaic,samarianaramea,,,,,,,,,,
saq,,INVALID,,Samburu,samburu,,,,,,,,,,
sas,,INVALID,,Sasak,sasak,,,,,,,,,,
sat,,INVALID,,Santali,santali,,,,,,,,,,
saz,,INVALID,,Saurashtra,sauraštri,,,,,,,,,,
sba,,INVALID,,Ngambay,ngambay,,,,,,,,,,
sbp,,INVALID,,Sangu,sangu,,,,,,,,,,
sc,,INVALID,,Sardinian,sardi,,,,,,,,,,
scn,,INVALID,,Sicilian,sisilia,,,,,,,,,,
sco,,INVALID,,Scots,skotti,,,,,,,,,,
sd,,INVALID,,Sindhi,sindhi,,,,,,,,,,
sdc,,INVALID,,Sassarese Sardinian,sassarinsardi,,,,,,,,,,
sdh,,INVALID,,Southern Kurdish,eteläkurdi,,,,,,,,,,
se,,INVALID,,Northern Sami,pohjoissaame,,,,,,,,,,
see,,INVALID,,Seneca,seneca,,,,,,,,,,
seh,,INVALID,,Sena,sena,,,,,,,,,,
sei,,INVALID,,Seri,seri,,,,,,,,,,
sel,,INVALID,,Selkup,selkuppi,,,,,,,,,,
ses,,INVALID,,Koyraboro Senni,koyraboro senni,,,,,,,,,,
sg,,INVALID,,Sango,sango,,,,,,,,,,
sga,,INVALID,,Old Irish,muinaisiiri,,,,,,,,,,
sgs,,INVALID,,Samogitian,samogiitti,,,,,,,,,,
sh,,INVALID,,Serbo-Croatian,serbokroaatti,,,,,,,,,,
shi,,INVALID,,Tachelhit,tašelhit,,,,,,,,,,
shn,,INVALID,,Shan,shan,,,,,,,,,,
shu,,INVALID,,Chadian Arabic,tšadinarabia,,,,,,,,,,
si,,INVALID,,Sinhala,sinhala,,,,,,,,,,
sid,,INVALID,,Sidamo,sidamo,,,,,,,,,,
sk,,INVALID,,Slovak,slovakki,,,,,,,,,,
sl,,INVALID,,Slovenian,sloveeni,,,,,,,,,,
sli,,INVALID,,Lower Silesian,sleesiansaksa,,,,,,,,,,
sly,,INVALID,,Selayar,selayar,,,,,,,,,,
sm,,INVALID,,Samoan,samoa,,,,,,,,,,
sma,,INVALID,,Southern Sami,eteläsaame,,,,,,,,,,
smj,,INVALID,,Lule Sami,luulajansaame,,,,,,,,,,
smn,,INVALID,,Inari Sami,inarinsaame,,,,,,,,,,
sms,,INVALID,,Skolt Sami,koltansaame,,,,,,,,,,
sn,,INVALID,,Shona,šona,,,,,,,,,,
snk,,INVALID,,Soninke,soninke,,,,,,,,,,
so,,INVALID,,Somali,somali,,,,,,,,,,
sog,,INVALID,,Sogdien,sogdi,,,,,,,,,,
sq,,INVALID,,Albanian,albania,,,,,,,,,,
sr,,INVALID,,Serbian,serbia,,,,,,,,,,
srn,,INVALID,,Sranan Tongo,sranan,,,,,,,,,,
srr,,INVALID,,Serer,serer,,,,,,,,,,
ss,,INVALID,,Swati,swazi,,,,,,,,,,
ssy,,INVALID,,Saho,saho,,,,,,,,,,
st,,INVALID,,Southern Sotho,eteläsotho,,,,,,,,,,
stq,,INVALID,,Saterland Frisian,saterlandinfriisi,,,,,,,,,,
su,,INVALID,,Sundanese,sunda,,,,,,,,,,
suk,,INVALID,,Sukuma,sukuma,,,,,,,,,,
sus,,INVALID,,Susu,susu,,,,,,,,,,
sux,,INVALID,,Sumerian,sumeri,,,,,,,,,,
sv,,INVALID,,Swedish,ruotsi,,,,,,,,,,
sw,,INVALID,,Swahili,swahili,,,,,,,,,,
sw_CD,,INVALID,,Congo Swahili,kingwana,,,,,,,,,,
swb,,INVALID,,Comorian,komori,,,,,,,,,,
syc,,INVALID,,Classical Syriac,muinaissyyria,,,,,,,,,,
syr,,INVALID,,Syriac,syyria,,,,,,,,,,
szl,,INVALID,,Silesian,sleesia,,,,,,,,,,
ta,,INVALID,,Tamil,tamili,,,,,,,,,,
tcy,,INVALID,,Tulu,tulu,,,,,,,,,,
te,,INVALID,,Telugu,telugu,,,,,,,,,,
tem,,INVALID,,Timne,temne,,,,,,,,,,
teo,,INVALID,,Teso,teso,,,,,,,,,,
ter,,INVALID,,Tereno,tereno,,,,,,,,,,
tet,,INVALID,,Tetum,tetum,,,,,,,,,,
tg,,INVALID,,Tajik,tadžikki,,,,,,,,,,
th,,INVALID,,Thai,thai,,,,,,,,,,
ti,,INVALID,,Tigrinya,tigrinja,,,,,,,,,,
tig,,INVALID,,Tigre,tigre,,,,,,,,,,
tiv,,INVALID,,Tiv,tiv,,,,,,,,,,
tk,,INVALID,,Turkmen,turkmeeni,,,,,,,,,,
tkl,,INVALID,,Tokelau,tokelau,,,,,,,,,,
tkr,,INVALID,,Tsakhur,tsahuri,,,,,,,,,,
tl,,INVALID,,Tagalog,tagalog,,,,,,,,,,
tlh,,INVALID,,Klingon,klingon,,,,,,,,,,
tli,,INVALID,,Tlingit,tlingit,,,,,,,,,,
tly,,INVALID,,Talysh,tališi,,,,,,,,,,
tmh,,INVALID,,Tamashek,tamašek,,,,,,,,,,
tn,,INVALID,,Tswana,tswana,,,,,,,,,,
to,,INVALID,,Tongan,tonga,,,,,,,,,,
tog,,INVALID,,Nyasa Tonga,malawintonga,,,,,,,,,,
tpi,,INVALID,,Tok Pisin,tok-pisin,,,,,,,,,,
tr,,INVALID,,Turkish,turkki,,,,,,,,,,
tru,,INVALID,,Turoyo,turojo,,,,,,,,,,
trv,,INVALID,,Taroko,taroko,,,,,,,,,,
ts,,INVALID,,Tsonga,tsonga,,,,,,,,,,
tsd,,INVALID,,Tsakonian,tsakonia,,,,,,,,,,
tsi,,INVALID,,Tsimshian,tsimši,,,,,,,,,,
tt,,INVALID,,Tatar,tataari,,,,,,,,,,
ttt,,INVALID,,Muslim Tat,tati,,,,,,,,,,
tum,,INVALID,,Tumbuka,tumbuka,,,,,,,,,,
tw,,INVALID,,Twi,twi,,,,,,,,,,
tvl,,INVALID,,Tuvalu,tuvalu,,,,,,,,,,
twq,,INVALID,,Tasawaq,tasawaq,,,,,,,,,,
ty,,INVALID,,Tahitian,tahiti,,,,,,,,,,
tyv,,INVALID,,Tuvinian,tuva,,,,,,,,,,
tzm,,INVALID,,Central Atlas Tamazight,keskiatlaksentamazight,,,,,,,,,,
udm,,INVALID,,Udmurt,udmurtti,,,,,,,,,,
ug,,INVALID,,Uyghur,uiguuri,,,,,,,,,,
uga,,INVALID,,Ugaritic,ugarit,,,,,,,,,,
uk,,INVALID,,Ukrainian,ukraina,,,,,,,,,,
umb,,INVALID,,Umbundu,mbundu,,,,,,,,,,
ur,,INVALID,,Urdu,urdu,,,,,,,,,,
uz,,INVALID,,Uzbek,uzbekki,,,,,,,,,,
wa,,INVALID,,Walloon,valloni,,,,,,,,,,
wae,,INVALID,,Walser,walser,,,,,,,,,,
vai,,INVALID,,Vai,vai,,,,,,,,,,
wal,,INVALID,,Wolaytta,wolaitta,,,,,,,,,,
war,,INVALID,,Waray,waray,,,,,,,,,,
was,,INVALID,,Washo,washo,,,,,,,,,,
wbp,,INVALID,,Warlpiri,warlpiri,,,,,,,,,,
ve,,INVALID,,Venda,venda,,,,,,,,,,
vec,,INVALID,,Venetian,venetsia,,,,,,,,,,
vep,,INVALID,,Veps,vepsä,,,,,,,,,,
vi,,INVALID,,Vietnamese,vietnam,,,,,,,,,,
vls,,INVALID,,West Flemish,länsiflaami,,,,,,,,,,
vmf,,INVALID,,Main-Franconian,maininfrankki,,,,,,,,,,
vo,,INVALID,,Volapük,volapük,,,,,,,,,,
wo,,INVALID,,Wolof,wolof,,,,,,,,,,
vot,,INVALID,,Votic,vatja,,,,,,,,,,
vro,,INVALID,,Võro,võro,,,,,,,,,,
vun,,INVALID,,Vunjo,vunjo,,,,,,,,,,
wuu,,INVALID,,Wu Chinese,wu-kiina,,,,,,,,,,
xal,,INVALID,,Kalmyk,kalmukki,,,,,,,,,,
xh,,INVALID,,Xhosa,xhosa,,,,,,,,,,
xmf,,INVALID,,Mingrelian,mingreli,,,,,,,,,,
xog,,INVALID,,Soga,soga,,,,,,,,,,
yao,,INVALID,,Yao,jao,,,,,,,,,,
yap,,INVALID,,Yapese,japi,,,,,,,,,,
yav,,INVALID,,Yangben,yangben,,,,,,,,,,
ybb,,INVALID,,Yemba,yemba,,,,,,,,,,
yi,,INVALID,,Yiddish,jiddiš,,,,,,,,,,
yo,,INVALID,,Yoruba,joruba,,,,,,,,,,
yrl,,INVALID,,Nheengatu,ñeengatú,,,,,,,,,,
yue,,INVALID,,Cantonese,kantoninkiina,,,,,,,,,,
za,,INVALID,,Zhuang,zhuang,,,,,,,,,,
zap,,INVALID,,Zapotec,zapoteekki,,,,,,,,,,
zbl,,INVALID,,Blissymbols,blisskieli,,,,,,,,,,
zea,,INVALID,,Zeelandic,seelanti,,,,,,,,,,
zen,,INVALID,,Zenaga,zenaga,,,,,,,,,,
zgh,,INVALID,,Standard Moroccan Tamazight,vakioitu tamazight,,,,,,,,,,
zh,,INVALID,,Chinese,kiina,,,,,,,,,,
zh_Hans,,INVALID,,Simplified Chinese,yksinkertaistettu kiina,,,,,,,,,,
zh_Hant,,INVALID,,Traditional Chinese,perinteinen kiina,,,,,,,,,,
zu,,INVALID,,Zulu,zulu,,,,,,,,,,
zun,,INVALID,,Zuni,zuni,,,,,,,,,,
zxx,,INVALID,,No linguistic content,ei kielellistä sisältöä,,,,,,,,,,
zza,,INVALID,,Zaza,zaza,,,,,,,,,,